<?xml version='1.0' encoding='utf-8'?>
<osm attribution="https://www.openstreetmap.org/copyright" copyright="OpenStreetMap and contributors" generator="OSMnx 2.0.6" license="https://opendatacommons.org/licenses/odbl/1-0/" version="0.6"><bounds minlon="80.2125238" minlat="12.8663166" maxlon="80.2272395" maxlat="12.8806843" /><node user="OSMnx" lat="12.8786354" version="1" visible="true" id="273459883" changeset="1" timestamp="2026-09-10T17:28:50Z" lon="80.2267321" uid="1" /><node user="OSMnx" lat="12.8739417" version="1" visible="true" id="273459885" changeset="1" timestamp="2026-09-10T17:28:50Z" lon="80.2266854" uid="1" /><node user="OSMnx" lat="12.873149" version="1" visible="true" id="273459886" changeset="1" timestamp="2026-09-10T17:28:50Z" lon="80.222657" uid="1" /><node user="OSMnx" lat="12.8709328" version="1" visible="true" id="273459887" changeset="1" timestamp="2026-09-10T17:28:50Z" lon="80.2265601" uid="1" /><node user="OSMnx" lat="12.8685991" version="1" visible="true" id="273459888" changeset="1" timestamp="2026-09-10T17:28:50Z" lon="80.2263138" uid="1" /><node user="OSMnx" lat="12.8767788" version="1" visible="true" id="308893210" changeset="1" timestamp="2026-09-10T17:28:50Z" lon="80.2239102" uid="1" /><node user="OSMnx" lat="12.8780866" version="1" visible="true" id="308893211" changeset="1" timestamp="2026-09-10T17:28:50Z" lon="80.2181036" uid="1" /><node user="OSMnx" lat="12.8701669" version="1" visible="true" id="402299082" changeset="1" timestamp="2026-09-10T17:28:50Z" lon="80.2264888" uid="1" /><node user="OSMnx" lat="12.8702082" version="1" visible="true" id="402299100" changeset="1" timestamp="2026-09-10T17:28:50Z" lon="80.224824" uid="1" /><node user="OSMnx" lat="12.8693094" version="1" visible="true" id="402299101" changeset="1" timestamp="2026-09-10T17:28:50Z" lon="80.2240925" uid="1" /><node user="OSMnx" lat="12.8704927" version="1" visible="true" id="402299102" changeset="1" timestamp="2026-09-10T17:28:50Z" lon="80.217313" uid="1" /><node user="OSMnx" lat="12.8755021" version="1" visible="true" id="1340839020" changeset="1" timestamp="2026-09-10T17:28:50Z" lon="80.2234385" uid="1" /><node user="OSMnx" lat="12.8751738" version="1" visible="true" id="1340839021" changeset="1" timestamp="2026-09-10T17:28:50Z" lon="80.22333" uid="1" /><node user="OSMnx" lat="12.8760336" version="1" visible="true" id="1340839025" changeset="1" timestamp="2026-09-10T17:28:50Z" lon="80.2236348" uid="1" /><node user="OSMnx" lat="12.8764842" version="1" visible="true" id="1340839026" changeset="1" timestamp="2026-09-10T17:28:50Z" lon="80.2238013" uid="1" /><node user="OSMnx" lat="12.8757682" version="1" visible="true" id="1340839032" changeset="1" timestamp="2026-09-10T17:28:50Z" lon="80.2235368" uid="1" /><node user="OSMnx" lat="12.8802997" version="1" visible="true" id="1711254899" changeset="1" timestamp="2026-09-10T17:28:50Z" lon="80.2266688" uid="1" /><node user="OSMnx" lat="12.8753419" version="1" visible="true" id="1711254907" changeset="1" timestamp="2026-09-10T17:28:50Z" lon="80.2268525" uid="1" /><node user="OSMnx" lat="12.8769693" version="1" visible="true" id="1711254909" changeset="1" timestamp="2026-09-10T17:28:50Z" lon="80.2268687" uid="1" /><node user="OSMnx" lat="12.8791924" version="1" visible="true" id="1711254911" changeset="1" timestamp="2026-09-10T17:28:50Z" lon="80.2266913" uid="1" /><node user="OSMnx" lat="12.877778" version="1" visible="true" id="1711254916" changeset="1" timestamp="2026-09-10T17:28:50Z" lon="80.2267905" uid="1" /><node user="OSMnx" lat="12.8681098" version="1" visible="true" id="1711254923" changeset="1" timestamp="2026-09-10T17:28:50Z" lon="80.2263139" uid="1" /><node user="OSMnx" lat="12.8685936" version="1" visible="true" id="1945612959" changeset="1" timestamp="2026-09-10T17:28:50Z" lon="80.2264182" uid="1" /><node user="OSMnx" lat="12.8753347" version="1" visible="true" id="1945612963" changeset="1" timestamp="2026-09-10T17:28:50Z" lon="80.2269771" uid="1" /><node user="OSMnx" lat="12.8769831" version="1" visible="true" id="1945612984" changeset="1" timestamp="2026-09-10T17:28:50Z" lon="80.2269808" uid="1" /><node user="OSMnx" lat="12.8777962" version="1" visible="true" id="1945612987" changeset="1" timestamp="2026-09-10T17:28:50Z" lon="80.2269332" uid="1" /><node user="OSMnx" lat="12.8739319" version="1" visible="true" id="1945613022" changeset="1" timestamp="2026-09-10T17:28:50Z" lon="80.2267893" uid="1" /><node user="OSMnx" lat="12.879197" version="1" visible="true" id="1945613024" changeset="1" timestamp="2026-09-10T17:28:50Z" lon="80.2267956" uid="1" /><node user="OSMnx" lat="12.8709271" version="1" visible="true" id="1945613025" changeset="1" timestamp="2026-09-10T17:28:50Z" lon="80.2266644" uid="1" /><node user="OSMnx" lat="12.876457" version="1" visible="true" id="1945613027" changeset="1" timestamp="2026-09-10T17:28:50Z" lon="80.227008" uid="1" /><node user="OSMnx" lat="12.8786424" version="1" visible="true" id="1945613046" changeset="1" timestamp="2026-09-10T17:28:50Z" lon="80.2268363" uid="1" /><node user="OSMnx" lat="12.8681145" version="1" visible="true" id="1945613047" changeset="1" timestamp="2026-09-10T17:28:50Z" lon="80.2264183" uid="1" /><node user="OSMnx" lat="12.8701568" version="1" visible="true" id="1945613092" changeset="1" timestamp="2026-09-10T17:28:50Z" lon="80.2265927" uid="1" /><node user="OSMnx" lat="12.8770971" version="1" visible="true" id="1945628355" changeset="1" timestamp="2026-09-10T17:28:50Z" lon="80.2267956" uid="1" /><node user="OSMnx" lat="12.8769354" version="1" visible="true" id="1945628357" changeset="1" timestamp="2026-09-10T17:28:50Z" lon="80.2268126" uid="1" /><node user="OSMnx" lat="12.8769489" version="1" visible="true" id="1945628359" changeset="1" timestamp="2026-09-10T17:28:50Z" lon="80.2270337" uid="1" /><node user="OSMnx" lat="12.8768205" version="1" visible="true" id="1945628360" changeset="1" timestamp="2026-09-10T17:28:50Z" lon="80.2270388" uid="1" /><node user="OSMnx" lat="12.8696967" version="1" visible="true" id="2190812915" changeset="1" timestamp="2026-09-10T17:28:50Z" lon="80.2265413" uid="1" /><node user="OSMnx" lat="12.8717281" version="1" visible="true" id="2190812927" changeset="1" timestamp="2026-09-10T17:28:50Z" lon="80.227185" uid="1" /><node user="OSMnx" lat="12.8764087" version="1" visible="true" id="2190812969" changeset="1" timestamp="2026-09-10T17:28:50Z" lon="80.2270074" uid="1" /><node user="OSMnx" lat="12.8713697" version="1" visible="true" id="2211262575" changeset="1" timestamp="2026-09-10T17:28:50Z" lon="80.227028" uid="1" /><node user="OSMnx" lat="12.8667931" version="1" visible="true" id="2211262581" changeset="1" timestamp="2026-09-10T17:28:50Z" lon="80.2266363" uid="1" /><node user="OSMnx" lat="12.8668619" version="1" visible="true" id="2211262592" changeset="1" timestamp="2026-09-10T17:28:50Z" lon="80.2272092" uid="1" /><node user="OSMnx" lat="12.8667957" version="1" visible="true" id="2211262598" changeset="1" timestamp="2026-09-10T17:28:50Z" lon="80.2268617" uid="1" /><node user="OSMnx" lat="12.8713965" version="1" visible="true" id="2211262600" changeset="1" timestamp="2026-09-10T17:28:50Z" lon="80.2268127" uid="1" /><node user="OSMnx" lat="12.8668044" version="1" visible="true" id="2211262604" changeset="1" timestamp="2026-09-10T17:28:50Z" lon="80.2270456" uid="1" /><node user="OSMnx" lat="12.8714902" version="1" visible="true" id="2211262610" changeset="1" timestamp="2026-09-10T17:28:50Z" lon="80.2271502" uid="1" /><node user="OSMnx" lat="12.8773743" version="1" visible="true" id="3876821675" changeset="1" timestamp="2026-09-10T17:28:50Z" lon="80.2211958" uid="1" /><node user="OSMnx" lat="12.8674157" version="1" visible="true" id="3876924840" changeset="1" timestamp="2026-09-10T17:28:50Z" lon="80.2166906" uid="1" /><node user="OSMnx" lat="12.8677395" version="1" visible="true" id="3876924958" changeset="1" timestamp="2026-09-10T17:28:50Z" lon="80.2151443" uid="1" /><node user="OSMnx" lat="12.8680152" version="1" visible="true" id="3876924965" changeset="1" timestamp="2026-09-10T17:28:50Z" lon="80.2168369" uid="1" /><node user="OSMnx" lat="12.8681343" version="1" visible="true" id="3876924971" changeset="1" timestamp="2026-09-10T17:28:50Z" lon="80.213298" uid="1" /><node user="OSMnx" lat="12.8683088" version="1" visible="true" id="3876924979" changeset="1" timestamp="2026-09-10T17:28:50Z" lon="80.2169702" uid="1" /><node user="OSMnx" lat="12.8683934" version="1" visible="true" id="3876924985" changeset="1" timestamp="2026-09-10T17:28:50Z" lon="80.2156793" uid="1" /><node user="OSMnx" lat="12.8685017" version="1" visible="true" id="3876924987" changeset="1" timestamp="2026-09-10T17:28:50Z" lon="80.2171552" uid="1" /><node user="OSMnx" lat="12.8686023" version="1" visible="true" id="3876924992" changeset="1" timestamp="2026-09-10T17:28:50Z" lon="80.217409" uid="1" /><node user="OSMnx" lat="12.8687533" version="1" visible="true" id="3876925000" changeset="1" timestamp="2026-09-10T17:28:50Z" lon="80.2176197" uid="1" /><node user="OSMnx" lat="12.8690887" version="1" visible="true" id="3876925007" changeset="1" timestamp="2026-09-10T17:28:50Z" lon="80.2177273" uid="1" /><node user="OSMnx" lat="12.8691657" version="1" visible="true" id="3876925009" changeset="1" timestamp="2026-09-10T17:28:50Z" lon="80.2135054" uid="1" /><node user="OSMnx" lat="12.8692019" version="1" visible="true" id="3876925011" changeset="1" timestamp="2026-09-10T17:28:50Z" lon="80.2176971" uid="1" /><node user="OSMnx" lat="12.8695961" version="1" visible="true" id="3876925016" changeset="1" timestamp="2026-09-10T17:28:50Z" lon="80.217495" uid="1" /><node user="OSMnx" lat="12.8697149" version="1" visible="true" id="3876925023" changeset="1" timestamp="2026-09-10T17:28:50Z" lon="80.2214598" uid="1" /><node user="OSMnx" lat="12.8698351" version="1" visible="true" id="3876925024" changeset="1" timestamp="2026-09-10T17:28:50Z" lon="80.2174176" uid="1" /><node user="OSMnx" lat="12.8700532" version="1" visible="true" id="3876925027" changeset="1" timestamp="2026-09-10T17:28:50Z" lon="80.2174305" uid="1" /><node user="OSMnx" lat="12.8701999" version="1" visible="true" id="3876925029" changeset="1" timestamp="2026-09-10T17:28:50Z" lon="80.2174434" uid="1" /><node user="OSMnx" lat="12.8704116" version="1" visible="true" id="3876925033" changeset="1" timestamp="2026-09-10T17:28:50Z" lon="80.2173627" uid="1" /><node user="OSMnx" lat="12.8705715" version="1" visible="true" id="3876925038" changeset="1" timestamp="2026-09-10T17:28:50Z" lon="80.2138264" uid="1" /><node user="OSMnx" lat="12.8707159" version="1" visible="true" id="3876925040" changeset="1" timestamp="2026-09-10T17:28:50Z" lon="80.2173661" uid="1" /><node user="OSMnx" lat="12.870756" version="1" visible="true" id="3876925041" changeset="1" timestamp="2026-09-10T17:28:50Z" lon="80.2138178" uid="1" /><node user="OSMnx" lat="12.8709622" version="1" visible="true" id="3876925045" changeset="1" timestamp="2026-09-10T17:28:50Z" lon="80.2174145" uid="1" /><node user="OSMnx" lat="12.8712247" version="1" visible="true" id="3876925050" changeset="1" timestamp="2026-09-10T17:28:50Z" lon="80.2139346" uid="1" /><node user="OSMnx" lat="12.8720046" version="1" visible="true" id="3876925054" changeset="1" timestamp="2026-09-10T17:28:50Z" lon="80.2160435" uid="1" /><node user="OSMnx" lat="12.8699941" version="1" visible="true" id="4988601956" changeset="1" timestamp="2026-09-10T17:28:50Z" lon="80.2200355" uid="1" /><node user="OSMnx" lat="12.8702188" version="1" visible="true" id="4988601957" changeset="1" timestamp="2026-09-10T17:28:50Z" lon="80.2188475" uid="1" /><node user="OSMnx" lat="12.870539" version="1" visible="true" id="6102926435" changeset="1" timestamp="2026-09-10T17:28:50Z" lon="80.2265367" uid="1" /><node user="OSMnx" lat="12.8778261" version="1" visible="true" id="6542105796" changeset="1" timestamp="2026-09-10T17:28:50Z" lon="80.2270249" uid="1" /><node user="OSMnx" lat="12.8781256" version="1" visible="true" id="6542105797" changeset="1" timestamp="2026-09-10T17:28:50Z" lon="80.2269906" uid="1" /><node user="OSMnx" lat="12.8783382" version="1" visible="true" id="6542105798" changeset="1" timestamp="2026-09-10T17:28:50Z" lon="80.2269785" uid="1" /><node user="OSMnx" lat="12.8785545" version="1" visible="true" id="6542105799" changeset="1" timestamp="2026-09-10T17:28:50Z" lon="80.2269445" uid="1" /><node user="OSMnx" lat="12.8788468" version="1" visible="true" id="6542105800" changeset="1" timestamp="2026-09-10T17:28:50Z" lon="80.2268994" uid="1" /><node user="OSMnx" lat="12.8792835" version="1" visible="true" id="6542105801" changeset="1" timestamp="2026-09-10T17:28:50Z" lon="80.2268726" uid="1" /><node user="OSMnx" lat="12.8797737" version="1" visible="true" id="6542105802" changeset="1" timestamp="2026-09-10T17:28:50Z" lon="80.2268565" uid="1" /><node user="OSMnx" lat="12.880288" version="1" visible="true" id="6542105803" changeset="1" timestamp="2026-09-10T17:28:50Z" lon="80.226853" uid="1" /><node user="OSMnx" lat="12.8803752" version="1" visible="true" id="6542105804" changeset="1" timestamp="2026-09-10T17:28:50Z" lon="80.2268608" uid="1" /><node user="OSMnx" lat="12.8779885" version="1" visible="true" id="6542105836" changeset="1" timestamp="2026-09-10T17:28:50Z" lon="80.2266848" uid="1" /><node user="OSMnx" lat="12.87832" version="1" visible="true" id="6542105837" changeset="1" timestamp="2026-09-10T17:28:50Z" lon="80.2266607" uid="1" /><node user="OSMnx" lat="12.8785442" version="1" visible="true" id="6542105838" changeset="1" timestamp="2026-09-10T17:28:50Z" lon="80.2266359" uid="1" /><node user="OSMnx" lat="12.879005" version="1" visible="true" id="6542105839" changeset="1" timestamp="2026-09-10T17:28:50Z" lon="80.2266164" uid="1" /><node user="OSMnx" lat="12.8794842" version="1" visible="true" id="6542105840" changeset="1" timestamp="2026-09-10T17:28:50Z" lon="80.2266043" uid="1" /><node user="OSMnx" lat="12.8800274" version="1" visible="true" id="6542105841" changeset="1" timestamp="2026-09-10T17:28:50Z" lon="80.2265936" uid="1" /><node user="OSMnx" lat="12.8803176" version="1" visible="true" id="6542105842" changeset="1" timestamp="2026-09-10T17:28:50Z" lon="80.2265943" uid="1" /><node user="OSMnx" lat="12.8806843" version="1" visible="true" id="6542105843" changeset="1" timestamp="2026-09-10T17:28:50Z" lon="80.2265842" uid="1" /><node user="OSMnx" lat="12.8668737" version="1" visible="true" id="6542201998" changeset="1" timestamp="2026-09-10T17:28:50Z" lon="80.2266231" uid="1" /><node user="OSMnx" lat="12.8675222" version="1" visible="true" id="6542201999" changeset="1" timestamp="2026-09-10T17:28:50Z" lon="80.2265561" uid="1" /><node user="OSMnx" lat="12.8681" version="1" visible="true" id="6542202000" changeset="1" timestamp="2026-09-10T17:28:50Z" lon="80.2265131" uid="1" /><node user="OSMnx" lat="12.8686622" version="1" visible="true" id="6542202001" changeset="1" timestamp="2026-09-10T17:28:50Z" lon="80.2265185" uid="1" /><node user="OSMnx" lat="12.8691617" version="1" visible="true" id="6542202002" changeset="1" timestamp="2026-09-10T17:28:50Z" lon="80.2265722" uid="1" /><node user="OSMnx" lat="12.8696444" version="1" visible="true" id="6542202003" changeset="1" timestamp="2026-09-10T17:28:50Z" lon="80.2266214" uid="1" /><node user="OSMnx" lat="12.870341" version="1" visible="true" id="6542202004" changeset="1" timestamp="2026-09-10T17:28:50Z" lon="80.226717" uid="1" /><node user="OSMnx" lat="12.8707358" version="1" visible="true" id="6542202005" changeset="1" timestamp="2026-09-10T17:28:50Z" lon="80.2267545" uid="1" /><node user="OSMnx" lat="12.8719882" version="1" visible="true" id="6542202006" changeset="1" timestamp="2026-09-10T17:28:50Z" lon="80.2268055" uid="1" /><node user="OSMnx" lat="12.872391" version="1" visible="true" id="6542202007" changeset="1" timestamp="2026-09-10T17:28:50Z" lon="80.2268216" uid="1" /><node user="OSMnx" lat="12.87271" version="1" visible="true" id="6542202008" changeset="1" timestamp="2026-09-10T17:28:50Z" lon="80.2268109" uid="1" /><node user="OSMnx" lat="12.8732068" version="1" visible="true" id="6542202009" changeset="1" timestamp="2026-09-10T17:28:50Z" lon="80.226827" uid="1" /><node user="OSMnx" lat="12.8735598" version="1" visible="true" id="6542202010" changeset="1" timestamp="2026-09-10T17:28:50Z" lon="80.2268457" uid="1" /><node user="OSMnx" lat="12.8739389" version="1" visible="true" id="6542202011" changeset="1" timestamp="2026-09-10T17:28:50Z" lon="80.2268752" uid="1" /><node user="OSMnx" lat="12.8741899" version="1" visible="true" id="6542202012" changeset="1" timestamp="2026-09-10T17:28:50Z" lon="80.2268994" uid="1" /><node user="OSMnx" lat="12.8746449" version="1" visible="true" id="6542202013" changeset="1" timestamp="2026-09-10T17:28:50Z" lon="80.2269557" uid="1" /><node user="OSMnx" lat="12.8749848" version="1" visible="true" id="6542202014" changeset="1" timestamp="2026-09-10T17:28:50Z" lon="80.227004" uid="1" /><node user="OSMnx" lat="12.8755366" version="1" visible="true" id="6542202015" changeset="1" timestamp="2026-09-10T17:28:50Z" lon="80.227063" uid="1" /><node user="OSMnx" lat="12.8764064" version="1" visible="true" id="6542202016" changeset="1" timestamp="2026-09-10T17:28:50Z" lon="80.2270921" uid="1" /><node user="OSMnx" lat="12.8769799" version="1" visible="true" id="6542202017" changeset="1" timestamp="2026-09-10T17:28:50Z" lon="80.227059" uid="1" /><node user="OSMnx" lat="12.8665573" version="1" visible="true" id="6542202055" changeset="1" timestamp="2026-09-10T17:28:50Z" lon="80.2263938" uid="1" /><node user="OSMnx" lat="12.8672777" version="1" visible="true" id="6542202056" changeset="1" timestamp="2026-09-10T17:28:50Z" lon="80.2263147" uid="1" /><node user="OSMnx" lat="12.8677418" version="1" visible="true" id="6542202057" changeset="1" timestamp="2026-09-10T17:28:50Z" lon="80.226257" uid="1" /><node user="OSMnx" lat="12.8681589" version="1" visible="true" id="6542202058" changeset="1" timestamp="2026-09-10T17:28:50Z" lon="80.2262275" uid="1" /><node user="OSMnx" lat="12.8685511" version="1" visible="true" id="6542202059" changeset="1" timestamp="2026-09-10T17:28:50Z" lon="80.2262248" uid="1" /><node user="OSMnx" lat="12.8690649" version="1" visible="true" id="6542202060" changeset="1" timestamp="2026-09-10T17:28:50Z" lon="80.2262798" uid="1" /><node user="OSMnx" lat="12.8693055" version="1" visible="true" id="6542202061" changeset="1" timestamp="2026-09-10T17:28:50Z" lon="80.2262986" uid="1" /><node user="OSMnx" lat="12.8696559" version="1" visible="true" id="6542202062" changeset="1" timestamp="2026-09-10T17:28:50Z" lon="80.2263603" uid="1" /><node user="OSMnx" lat="12.8701747" version="1" visible="true" id="6542202063" changeset="1" timestamp="2026-09-10T17:28:50Z" lon="80.2264155" uid="1" /><node user="OSMnx" lat="12.870541" version="1" visible="true" id="6542202064" changeset="1" timestamp="2026-09-10T17:28:50Z" lon="80.2264266" uid="1" /><node user="OSMnx" lat="12.8708574" version="1" visible="true" id="6542202065" changeset="1" timestamp="2026-09-10T17:28:50Z" lon="80.2264635" uid="1" /><node user="OSMnx" lat="12.8713398" version="1" visible="true" id="6542202066" changeset="1" timestamp="2026-09-10T17:28:50Z" lon="80.226481" uid="1" /><node user="OSMnx" lat="12.8720537" version="1" visible="true" id="6542202067" changeset="1" timestamp="2026-09-10T17:28:50Z" lon="80.2265306" uid="1" /><node user="OSMnx" lat="12.8730852" version="1" visible="true" id="6542202069" changeset="1" timestamp="2026-09-10T17:28:50Z" lon="80.226548" uid="1" /><node user="OSMnx" lat="12.8740905" version="1" visible="true" id="6542202070" changeset="1" timestamp="2026-09-10T17:28:50Z" lon="80.2266285" uid="1" /><node user="OSMnx" lat="12.8744266" version="1" visible="true" id="6542202071" changeset="1" timestamp="2026-09-10T17:28:50Z" lon="80.226662" uid="1" /><node user="OSMnx" lat="12.8749495" version="1" visible="true" id="6542202072" changeset="1" timestamp="2026-09-10T17:28:50Z" lon="80.2267304" uid="1" /><node user="OSMnx" lat="12.8750254" version="1" visible="true" id="6542202073" changeset="1" timestamp="2026-09-10T17:28:50Z" lon="80.2267505" uid="1" /><node user="OSMnx" lat="12.8754738" version="1" visible="true" id="6542202074" changeset="1" timestamp="2026-09-10T17:28:50Z" lon="80.2267854" uid="1" /><node user="OSMnx" lat="12.8767253" version="1" visible="true" id="6542202076" changeset="1" timestamp="2026-09-10T17:28:50Z" lon="80.2268059" uid="1" /><node user="OSMnx" lat="12.8773771" version="1" visible="true" id="6542202078" changeset="1" timestamp="2026-09-10T17:28:50Z" lon="80.226739" uid="1" /><node user="OSMnx" lat="12.8777135" version="1" visible="true" id="6758953956" changeset="1" timestamp="2026-09-10T17:28:50Z" lon="80.2197234" uid="1" /><node user="OSMnx" lat="12.8777779" version="1" visible="true" id="6758953958" changeset="1" timestamp="2026-09-10T17:28:50Z" lon="80.2194436" uid="1" /><node user="OSMnx" lat="12.8775185" version="1" visible="true" id="6768830219" changeset="1" timestamp="2026-09-10T17:28:50Z" lon="80.2155939" uid="1" /><node user="OSMnx" lat="12.8775368" version="1" visible="true" id="6768830220" changeset="1" timestamp="2026-09-10T17:28:50Z" lon="80.2155295" uid="1" /><node user="OSMnx" lat="12.8775264" version="1" visible="true" id="6768830221" changeset="1" timestamp="2026-09-10T17:28:50Z" lon="80.2154705" uid="1" /><node user="OSMnx" lat="12.8770087" version="1" visible="true" id="6768830222" changeset="1" timestamp="2026-09-10T17:28:50Z" lon="80.2153391" uid="1" /><node user="OSMnx" lat="12.8769354" version="1" visible="true" id="6768830223" changeset="1" timestamp="2026-09-10T17:28:50Z" lon="80.2153283" uid="1" /><node user="OSMnx" lat="12.8768465" version="1" visible="true" id="6768830224" changeset="1" timestamp="2026-09-10T17:28:50Z" lon="80.2157655" uid="1" /><node user="OSMnx" lat="12.8774662" version="1" visible="true" id="6768830225" changeset="1" timestamp="2026-09-10T17:28:50Z" lon="80.2158862" uid="1" /><node user="OSMnx" lat="12.8775028" version="1" visible="true" id="6768830226" changeset="1" timestamp="2026-09-10T17:28:50Z" lon="80.2157172" uid="1" /><node user="OSMnx" lat="12.8785297" version="1" visible="true" id="6768830227" changeset="1" timestamp="2026-09-10T17:28:50Z" lon="80.2159985" uid="1" /><node user="OSMnx" lat="12.8784419" version="1" visible="true" id="6768830229" changeset="1" timestamp="2026-09-10T17:28:50Z" lon="80.2164094" uid="1" /><node user="OSMnx" lat="12.8765106" version="1" visible="true" id="6770986673" changeset="1" timestamp="2026-09-10T17:28:50Z" lon="80.2270095" uid="1" /><node user="OSMnx" lat="12.8664798" version="1" visible="true" id="6776235741" changeset="1" timestamp="2026-09-10T17:28:50Z" lon="80.2265743" uid="1" /><node user="OSMnx" lat="12.866471" version="1" visible="true" id="6776235742" changeset="1" timestamp="2026-09-10T17:28:50Z" lon="80.2264703" uid="1" /><node user="OSMnx" lat="12.8664669" version="1" visible="true" id="6776235743" changeset="1" timestamp="2026-09-10T17:28:50Z" lon="80.2264016" uid="1" /><node user="OSMnx" lat="12.8741743" version="1" visible="true" id="6790031389" changeset="1" timestamp="2026-09-10T17:28:50Z" lon="80.2241521" uid="1" /><node user="OSMnx" lat="12.8740788" version="1" visible="true" id="6790031390" changeset="1" timestamp="2026-09-10T17:28:50Z" lon="80.2247161" uid="1" /><node user="OSMnx" lat="12.874037" version="1" visible="true" id="6790031391" changeset="1" timestamp="2026-09-10T17:28:50Z" lon="80.2250071" uid="1" /><node user="OSMnx" lat="12.8740422" version="1" visible="true" id="6790031392" changeset="1" timestamp="2026-09-10T17:28:50Z" lon="80.2250889" uid="1" /><node user="OSMnx" lat="12.8741076" version="1" visible="true" id="6790031393" changeset="1" timestamp="2026-09-10T17:28:50Z" lon="80.2252418" uid="1" /><node user="OSMnx" lat="12.8740082" version="1" visible="true" id="6790031395" changeset="1" timestamp="2026-09-10T17:28:50Z" lon="80.2258734" uid="1" /><node user="OSMnx" lat="12.8740382" version="1" visible="true" id="6790031396" changeset="1" timestamp="2026-09-10T17:28:50Z" lon="80.2263141" uid="1" /><node user="OSMnx" lat="12.8739909" version="1" visible="true" id="6790031397" changeset="1" timestamp="2026-09-10T17:28:50Z" lon="80.2262869" uid="1" /><node user="OSMnx" lat="12.8739718" version="1" visible="true" id="6790031398" changeset="1" timestamp="2026-09-10T17:28:50Z" lon="80.2262349" uid="1" /><node user="OSMnx" lat="12.8739897" version="1" visible="true" id="6790031399" changeset="1" timestamp="2026-09-10T17:28:50Z" lon="80.2261825" uid="1" /><node user="OSMnx" lat="12.8740363" version="1" visible="true" id="6790031400" changeset="1" timestamp="2026-09-10T17:28:50Z" lon="80.2261541" uid="1" /><node user="OSMnx" lat="12.8740898" version="1" visible="true" id="6790031401" changeset="1" timestamp="2026-09-10T17:28:50Z" lon="80.2261631" uid="1" /><node user="OSMnx" lat="12.8741251" version="1" visible="true" id="6790031402" changeset="1" timestamp="2026-09-10T17:28:50Z" lon="80.2262053" uid="1" /><node user="OSMnx" lat="12.8741257" version="1" visible="true" id="6790031403" changeset="1" timestamp="2026-09-10T17:28:50Z" lon="80.2262609" uid="1" /><node user="OSMnx" lat="12.8740913" version="1" visible="true" id="6790031404" changeset="1" timestamp="2026-09-10T17:28:50Z" lon="80.2263039" uid="1" /><node user="OSMnx" lat="12.8741076" version="1" visible="true" id="6790031405" changeset="1" timestamp="2026-09-10T17:28:50Z" lon="80.2264287" uid="1" /><node user="OSMnx" lat="12.8729296" version="1" visible="true" id="6805346646" changeset="1" timestamp="2026-09-10T17:28:50Z" lon="80.2268149" uid="1" /><node user="OSMnx" lat="12.8766962" version="1" visible="true" id="7018323662" changeset="1" timestamp="2026-09-10T17:28:50Z" lon="80.2249373" uid="1" /><node user="OSMnx" lat="12.8765346" version="1" visible="true" id="7018323663" changeset="1" timestamp="2026-09-10T17:28:50Z" lon="80.2259846" uid="1" /><node user="OSMnx" lat="12.8781413" version="1" visible="true" id="7018323672" changeset="1" timestamp="2026-09-10T17:28:50Z" lon="80.2181141" uid="1" /><node user="OSMnx" lat="12.877861" version="1" visible="true" id="7018323673" changeset="1" timestamp="2026-09-10T17:28:50Z" lon="80.2194637" uid="1" /><node user="OSMnx" lat="12.8777966" version="1" visible="true" id="7018323674" changeset="1" timestamp="2026-09-10T17:28:50Z" lon="80.2197435" uid="1" /><node user="OSMnx" lat="12.8774574" version="1" visible="true" id="7018323675" changeset="1" timestamp="2026-09-10T17:28:50Z" lon="80.2212157" uid="1" /><node user="OSMnx" lat="12.8768274" version="1" visible="true" id="7018323676" changeset="1" timestamp="2026-09-10T17:28:50Z" lon="80.2239269" uid="1" /><node user="OSMnx" lat="12.8766114" version="1" visible="true" id="7018323677" changeset="1" timestamp="2026-09-10T17:28:50Z" lon="80.2259208" uid="1" /><node user="OSMnx" lat="12.8764599" version="1" visible="true" id="7018323678" changeset="1" timestamp="2026-09-10T17:28:50Z" lon="80.2268192" uid="1" /><node user="OSMnx" lat="12.8782829" version="1" visible="true" id="7045315546" changeset="1" timestamp="2026-09-10T17:28:50Z" lon="80.2174406" uid="1" /><node user="OSMnx" lat="12.8784559" version="1" visible="true" id="7048096533" changeset="1" timestamp="2026-09-10T17:28:50Z" lon="80.2263079" uid="1" /><node user="OSMnx" lat="12.8791249" version="1" visible="true" id="7048096534" changeset="1" timestamp="2026-09-10T17:28:50Z" lon="80.2263501" uid="1" /><node user="OSMnx" lat="12.8796391" version="1" visible="true" id="7048096535" changeset="1" timestamp="2026-09-10T17:28:50Z" lon="80.2263659" uid="1" /><node user="OSMnx" lat="12.8796439" version="1" visible="true" id="7048096536" changeset="1" timestamp="2026-09-10T17:28:50Z" lon="80.2265959" uid="1" /><node user="OSMnx" lat="12.8773551" version="1" visible="true" id="7111516909" changeset="1" timestamp="2026-09-10T17:28:50Z" lon="80.2270435" uid="1" /><node user="OSMnx" lat="12.8773504" version="1" visible="true" id="7111516910" changeset="1" timestamp="2026-09-10T17:28:50Z" lon="80.2269545" uid="1" /><node user="OSMnx" lat="12.8693341" version="1" visible="true" id="7768923077" changeset="1" timestamp="2026-09-10T17:28:50Z" lon="80.2135439" uid="1" /><node user="OSMnx" lat="12.8694702" version="1" visible="true" id="7768923078" changeset="1" timestamp="2026-09-10T17:28:50Z" lon="80.2127051" uid="1" /><node user="OSMnx" lat="12.8706175" version="1" visible="true" id="7768923083" changeset="1" timestamp="2026-09-10T17:28:50Z" lon="80.217692" uid="1" /><node user="OSMnx" lat="12.8706011" version="1" visible="true" id="7768923084" changeset="1" timestamp="2026-09-10T17:28:50Z" lon="80.2177403" uid="1" /><node user="OSMnx" lat="12.8696323" version="1" visible="true" id="7768923085" changeset="1" timestamp="2026-09-10T17:28:50Z" lon="80.2228466" uid="1" /><node user="OSMnx" lat="12.8701788" version="1" visible="true" id="7768923086" changeset="1" timestamp="2026-09-10T17:28:50Z" lon="80.2198639" uid="1" /><node user="OSMnx" lat="12.8704691" version="1" visible="true" id="7768923087" changeset="1" timestamp="2026-09-10T17:28:50Z" lon="80.2184397" uid="1" /><node user="OSMnx" lat="12.8705697" version="1" visible="true" id="7768923088" changeset="1" timestamp="2026-09-10T17:28:50Z" lon="80.2178818" uid="1" /><node user="OSMnx" lat="12.8706547" version="1" visible="true" id="7768923089" changeset="1" timestamp="2026-09-10T17:28:50Z" lon="80.2176391" uid="1" /><node user="OSMnx" lat="12.8707018" version="1" visible="true" id="7768923090" changeset="1" timestamp="2026-09-10T17:28:50Z" lon="80.2176109" uid="1" /><node user="OSMnx" lat="12.8783266" version="1" visible="true" id="7768923097" changeset="1" timestamp="2026-09-10T17:28:50Z" lon="80.2169408" uid="1" /><node user="OSMnx" lat="12.8773325" version="1" visible="true" id="7768923098" changeset="1" timestamp="2026-09-10T17:28:50Z" lon="80.2167125" uid="1" /><node user="OSMnx" lat="12.8784024" version="1" visible="true" id="7768923099" changeset="1" timestamp="2026-09-10T17:28:50Z" lon="80.216592" uid="1" /><node user="OSMnx" lat="12.8714581" version="1" visible="true" id="7768923299" changeset="1" timestamp="2026-09-10T17:28:50Z" lon="80.2172016" uid="1" /><node user="OSMnx" lat="12.8715272" version="1" visible="true" id="7768923300" changeset="1" timestamp="2026-09-10T17:28:50Z" lon="80.217138" uid="1" /><node user="OSMnx" lat="12.8727679" version="1" visible="true" id="7775038884" changeset="1" timestamp="2026-09-10T17:28:50Z" lon="80.2265976" uid="1" /><node user="OSMnx" lat="12.87029" version="1" visible="true" id="7775090483" changeset="1" timestamp="2026-09-10T17:28:50Z" lon="80.2254537" uid="1" /><node user="OSMnx" lat="12.8703331" version="1" visible="true" id="7775090484" changeset="1" timestamp="2026-09-10T17:28:50Z" lon="80.2249239" uid="1" /><node user="OSMnx" lat="12.8703226" version="1" visible="true" id="7775091585" changeset="1" timestamp="2026-09-10T17:28:50Z" lon="80.2248904" uid="1" /><node user="OSMnx" lat="12.8702945" version="1" visible="true" id="7775091586" changeset="1" timestamp="2026-09-10T17:28:50Z" lon="80.2248609" uid="1" /><node user="OSMnx" lat="12.8697082" version="1" visible="true" id="7775091587" changeset="1" timestamp="2026-09-10T17:28:50Z" lon="80.2246396" uid="1" /><node user="OSMnx" lat="12.8694179" version="1" visible="true" id="7775091588" changeset="1" timestamp="2026-09-10T17:28:50Z" lon="80.2245216" uid="1" /><node user="OSMnx" lat="12.8693525" version="1" visible="true" id="7775091589" changeset="1" timestamp="2026-09-10T17:28:50Z" lon="80.2244867" uid="1" /><node user="OSMnx" lat="12.8693081" version="1" visible="true" id="7775091590" changeset="1" timestamp="2026-09-10T17:28:50Z" lon="80.2244492" uid="1" /><node user="OSMnx" lat="12.8692833" version="1" visible="true" id="7775091591" changeset="1" timestamp="2026-09-10T17:28:50Z" lon="80.2244049" uid="1" /><node user="OSMnx" lat="12.8692754" version="1" visible="true" id="7775091592" changeset="1" timestamp="2026-09-10T17:28:50Z" lon="80.2243486" uid="1" /><node user="OSMnx" lat="12.8692833" version="1" visible="true" id="7775091593" changeset="1" timestamp="2026-09-10T17:28:50Z" lon="80.224244" uid="1" /><node user="OSMnx" lat="12.870296" version="1" visible="true" id="7775091594" changeset="1" timestamp="2026-09-10T17:28:50Z" lon="80.2264275" uid="1" /><node user="OSMnx" lat="12.8704691" version="1" visible="true" id="7775091595" changeset="1" timestamp="2026-09-10T17:28:50Z" lon="80.224987" uid="1" /><node user="OSMnx" lat="12.8704625" version="1" visible="true" id="7775091596" changeset="1" timestamp="2026-09-10T17:28:50Z" lon="80.2248931" uid="1" /><node user="OSMnx" lat="12.8704259" version="1" visible="true" id="7775091597" changeset="1" timestamp="2026-09-10T17:28:50Z" lon="80.224826" uid="1" /><node user="OSMnx" lat="12.8703632" version="1" visible="true" id="7775091598" changeset="1" timestamp="2026-09-10T17:28:50Z" lon="80.2247751" uid="1" /><node user="OSMnx" lat="12.8702703" version="1" visible="true" id="7775091599" changeset="1" timestamp="2026-09-10T17:28:50Z" lon="80.2247335" uid="1" /><node user="OSMnx" lat="12.8695591" version="1" visible="true" id="7775091600" changeset="1" timestamp="2026-09-10T17:28:50Z" lon="80.2244546" uid="1" /><node user="OSMnx" lat="12.8694611" version="1" visible="true" id="7775091601" changeset="1" timestamp="2026-09-10T17:28:50Z" lon="80.2244069" uid="1" /><node user="OSMnx" lat="12.8694205" version="1" visible="true" id="7775091602" changeset="1" timestamp="2026-09-10T17:28:50Z" lon="80.2243553" uid="1" /><node user="OSMnx" lat="12.8694081" version="1" visible="true" id="7775091603" changeset="1" timestamp="2026-09-10T17:28:50Z" lon="80.2243064" uid="1" /><node user="OSMnx" lat="12.8694048" version="1" visible="true" id="7775091604" changeset="1" timestamp="2026-09-10T17:28:50Z" lon="80.2242172" uid="1" /><node user="OSMnx" lat="12.8694545" version="1" visible="true" id="7775091605" changeset="1" timestamp="2026-09-10T17:28:50Z" lon="80.2239034" uid="1" /><node user="OSMnx" lat="12.8748588" version="1" visible="true" id="7775112285" changeset="1" timestamp="2026-09-10T17:28:50Z" lon="80.223144" uid="1" /><node user="OSMnx" lat="12.8751258" version="1" visible="true" id="7775112287" changeset="1" timestamp="2026-09-10T17:28:50Z" lon="80.2233005" uid="1" /><node user="OSMnx" lat="12.8751133" version="1" visible="true" id="7775112288" changeset="1" timestamp="2026-09-10T17:28:50Z" lon="80.2232407" uid="1" /><node user="OSMnx" lat="12.8751364" version="1" visible="true" id="7775112290" changeset="1" timestamp="2026-09-10T17:28:50Z" lon="80.2231684" uid="1" /><node user="OSMnx" lat="12.8751755" version="1" visible="true" id="7775112291" changeset="1" timestamp="2026-09-10T17:28:50Z" lon="80.2230111" uid="1" /><node user="OSMnx" lat="12.8749306" version="1" visible="true" id="7775112293" changeset="1" timestamp="2026-09-10T17:28:50Z" lon="80.2232479" uid="1" /><node user="OSMnx" lat="12.8748976" version="1" visible="true" id="7775112294" changeset="1" timestamp="2026-09-10T17:28:50Z" lon="80.2232302" uid="1" /><node user="OSMnx" lat="12.8748555" version="1" visible="true" id="7775112295" changeset="1" timestamp="2026-09-10T17:28:50Z" lon="80.2231997" uid="1" /><node user="OSMnx" lat="12.8750263" version="1" visible="true" id="7775112301" changeset="1" timestamp="2026-09-10T17:28:50Z" lon="80.2232965" uid="1" /><node user="OSMnx" lat="12.8768116" version="1" visible="true" id="7775112302" changeset="1" timestamp="2026-09-10T17:28:50Z" lon="80.2240114" uid="1" /><node user="OSMnx" lat="12.8767614" version="1" visible="true" id="7775112303" changeset="1" timestamp="2026-09-10T17:28:50Z" lon="80.223993" uid="1" /><node user="OSMnx" lat="12.8764566" version="1" visible="true" id="7775112304" changeset="1" timestamp="2026-09-10T17:28:50Z" lon="80.2238852" uid="1" /><node user="OSMnx" lat="12.8760019" version="1" visible="true" id="7775112305" changeset="1" timestamp="2026-09-10T17:28:50Z" lon="80.2237236" uid="1" /><node user="OSMnx" lat="12.875736" version="1" visible="true" id="7775112306" changeset="1" timestamp="2026-09-10T17:28:50Z" lon="80.2236291" uid="1" /><node user="OSMnx" lat="12.8753574" version="1" visible="true" id="7775112307" changeset="1" timestamp="2026-09-10T17:28:50Z" lon="80.2234962" uid="1" /><node user="OSMnx" lat="12.8767486" version="1" visible="true" id="7775112308" changeset="1" timestamp="2026-09-10T17:28:50Z" lon="80.223989" uid="1" /><node user="OSMnx" lat="12.8751664" version="1" visible="true" id="7775112309" changeset="1" timestamp="2026-09-10T17:28:50Z" lon="80.2234177" uid="1" /><node user="OSMnx" lat="12.8761196" version="1" visible="true" id="7775112311" changeset="1" timestamp="2026-09-10T17:28:50Z" lon="80.2259231" uid="1" /><node user="OSMnx" lat="12.8760687" version="1" visible="true" id="7775112312" changeset="1" timestamp="2026-09-10T17:28:50Z" lon="80.2258895" uid="1" /><node user="OSMnx" lat="12.876036" version="1" visible="true" id="7775112313" changeset="1" timestamp="2026-09-10T17:28:50Z" lon="80.2258506" uid="1" /><node user="OSMnx" lat="12.8760229" version="1" visible="true" id="7775112314" changeset="1" timestamp="2026-09-10T17:28:50Z" lon="80.2257943" uid="1" /><node user="OSMnx" lat="12.8760137" version="1" visible="true" id="7775112315" changeset="1" timestamp="2026-09-10T17:28:50Z" lon="80.225573" uid="1" /><node user="OSMnx" lat="12.8759902" version="1" visible="true" id="7775112316" changeset="1" timestamp="2026-09-10T17:28:50Z" lon="80.2255288" uid="1" /><node user="OSMnx" lat="12.8759471" version="1" visible="true" id="7775112317" changeset="1" timestamp="2026-09-10T17:28:50Z" lon="80.2254966" uid="1" /><node user="OSMnx" lat="12.8758634" version="1" visible="true" id="7775112318" changeset="1" timestamp="2026-09-10T17:28:50Z" lon="80.2254818" uid="1" /><node user="OSMnx" lat="12.8754581" version="1" visible="true" id="7775112319" changeset="1" timestamp="2026-09-10T17:28:50Z" lon="80.2254778" uid="1" /><node user="OSMnx" lat="12.875126" version="1" visible="true" id="7775112320" changeset="1" timestamp="2026-09-10T17:28:50Z" lon="80.225459" uid="1" /><node user="OSMnx" lat="12.874726" version="1" visible="true" id="7775112321" changeset="1" timestamp="2026-09-10T17:28:50Z" lon="80.2253383" uid="1" /><node user="OSMnx" lat="12.8727662" version="1" visible="true" id="7775112322" changeset="1" timestamp="2026-09-10T17:28:50Z" lon="80.2267022" uid="1" /><node user="OSMnx" lat="12.8729386" version="1" visible="true" id="7775112365" changeset="1" timestamp="2026-09-10T17:28:50Z" lon="80.2267109" uid="1" /><node user="OSMnx" lat="12.8729483" version="1" visible="true" id="7775112366" changeset="1" timestamp="2026-09-10T17:28:50Z" lon="80.226607" uid="1" /><node user="OSMnx" lat="12.8729541" version="1" visible="true" id="7775112367" changeset="1" timestamp="2026-09-10T17:28:50Z" lon="80.2265449" uid="1" /><node user="OSMnx" lat="12.872982" version="1" visible="true" id="7775112368" changeset="1" timestamp="2026-09-10T17:28:50Z" lon="80.2261948" uid="1" /><node user="OSMnx" lat="12.8727624" version="1" visible="true" id="7775112369" changeset="1" timestamp="2026-09-10T17:28:50Z" lon="80.2268126" uid="1" /><node user="OSMnx" lat="12.872775" version="1" visible="true" id="7775112370" changeset="1" timestamp="2026-09-10T17:28:50Z" lon="80.2265433" uid="1" /><node user="OSMnx" lat="12.8734187" version="1" visible="true" id="7775112371" changeset="1" timestamp="2026-09-10T17:28:50Z" lon="80.2221308" uid="1" /><node user="OSMnx" lat="12.8728691" version="1" visible="true" id="7775112374" changeset="1" timestamp="2026-09-10T17:28:50Z" lon="80.2265449" uid="1" /><node user="OSMnx" lat="12.8678438" version="1" visible="true" id="7775166484" changeset="1" timestamp="2026-09-10T17:28:50Z" lon="80.2271985" uid="1" /><node user="OSMnx" lat="12.8678425" version="1" visible="true" id="7775184685" changeset="1" timestamp="2026-09-10T17:28:50Z" lon="80.2271368" uid="1" /><node user="OSMnx" lat="12.8678931" version="1" visible="true" id="7775184686" changeset="1" timestamp="2026-09-10T17:28:50Z" lon="80.2265285" uid="1" /><node user="OSMnx" lat="12.8668161" version="1" visible="true" id="7775208534" changeset="1" timestamp="2026-09-10T17:28:50Z" lon="80.2271287" uid="1" /><node user="OSMnx" lat="12.8714071" version="1" visible="true" id="7775243440" changeset="1" timestamp="2026-09-10T17:28:50Z" lon="80.2271153" uid="1" /><node user="OSMnx" lat="12.8713843" version="1" visible="true" id="7775243441" changeset="1" timestamp="2026-09-10T17:28:50Z" lon="80.2270999" uid="1" /><node user="OSMnx" lat="12.8713731" version="1" visible="true" id="7775243442" changeset="1" timestamp="2026-09-10T17:28:50Z" lon="80.2270771" uid="1" /><node user="OSMnx" lat="12.8687655" version="1" visible="true" id="7775243445" changeset="1" timestamp="2026-09-10T17:28:50Z" lon="80.2268927" uid="1" /><node user="OSMnx" lat="12.8687992" version="1" visible="true" id="7775243446" changeset="1" timestamp="2026-09-10T17:28:50Z" lon="80.2265332" uid="1" /><node user="OSMnx" lat="12.8751927" version="1" visible="true" id="7775274717" changeset="1" timestamp="2026-09-10T17:28:50Z" lon="80.2270295" uid="1" /><node user="OSMnx" lat="12.8749337" version="1" visible="true" id="7775274726" changeset="1" timestamp="2026-09-10T17:28:50Z" lon="80.2269968" uid="1" /><node user="OSMnx" lat="12.8747608" version="1" visible="true" id="7775274735" changeset="1" timestamp="2026-09-10T17:28:50Z" lon="80.2269726" uid="1" /><node user="OSMnx" lat="12.8740291" version="1" visible="true" id="7775274746" changeset="1" timestamp="2026-09-10T17:28:50Z" lon="80.2271723" uid="1" /><node user="OSMnx" lat="12.8733988" version="1" visible="true" id="7775274748" changeset="1" timestamp="2026-09-10T17:28:50Z" lon="80.2268372" uid="1" /><node user="OSMnx" lat="12.8732993" version="1" visible="true" id="7775274750" changeset="1" timestamp="2026-09-10T17:28:50Z" lon="80.2268319" uid="1" /><node user="OSMnx" lat="12.8801722" version="1" visible="true" id="7775308784" changeset="1" timestamp="2026-09-10T17:28:50Z" lon="80.2265934" uid="1" /><node user="OSMnx" lat="12.880283" version="1" visible="true" id="7775314105" changeset="1" timestamp="2026-09-10T17:28:50Z" lon="80.2265942" uid="1" /><node user="OSMnx" lat="12.8803032" version="1" visible="true" id="7775314106" changeset="1" timestamp="2026-09-10T17:28:50Z" lon="80.2264534" uid="1" /><node user="OSMnx" lat="12.8803189" version="1" visible="true" id="7775314107" changeset="1" timestamp="2026-09-10T17:28:50Z" lon="80.2264313" uid="1" /><node user="OSMnx" lat="12.880332" version="1" visible="true" id="7775314108" changeset="1" timestamp="2026-09-10T17:28:50Z" lon="80.2264166" uid="1" /><node user="OSMnx" lat="12.8803581" version="1" visible="true" id="7775314109" changeset="1" timestamp="2026-09-10T17:28:50Z" lon="80.2264072" uid="1" /><node user="OSMnx" lat="12.8749151" version="1" visible="true" id="7775385654" changeset="1" timestamp="2026-09-10T17:28:50Z" lon="80.2253954" uid="1" /><node user="OSMnx" lat="12.8750868" version="1" visible="true" id="7775385655" changeset="1" timestamp="2026-09-10T17:28:50Z" lon="80.2240234" uid="1" /><node user="OSMnx" lat="12.8750881" version="1" visible="true" id="7775385656" changeset="1" timestamp="2026-09-10T17:28:50Z" lon="80.2239677" uid="1" /><node user="OSMnx" lat="12.8750816" version="1" visible="true" id="7775385657" changeset="1" timestamp="2026-09-10T17:28:50Z" lon="80.2239282" uid="1" /><node user="OSMnx" lat="12.875045" version="1" visible="true" id="7775385658" changeset="1" timestamp="2026-09-10T17:28:50Z" lon="80.2238625" uid="1" /><node user="OSMnx" lat="12.8784278" version="1" visible="true" id="7775393384" changeset="1" timestamp="2026-09-10T17:28:50Z" lon="80.2272085" uid="1" /><node user="OSMnx" lat="12.8784337" version="1" visible="true" id="7775411585" changeset="1" timestamp="2026-09-10T17:28:50Z" lon="80.2269597" uid="1" /><node user="OSMnx" lat="12.8785557" version="1" visible="true" id="7775411586" changeset="1" timestamp="2026-09-10T17:28:50Z" lon="80.2272228" uid="1" /><node user="OSMnx" lat="12.8794061" version="1" visible="true" id="7775411604" changeset="1" timestamp="2026-09-10T17:28:50Z" lon="80.2268733" uid="1" /><node user="OSMnx" lat="12.8756173" version="1" visible="true" id="7779772206" changeset="1" timestamp="2026-09-10T17:28:50Z" lon="80.2254794" uid="1" /><node user="OSMnx" lat="12.8756395" version="1" visible="true" id="7779772207" changeset="1" timestamp="2026-09-10T17:28:50Z" lon="80.2243346" uid="1" /><node user="OSMnx" lat="12.8752989" version="1" visible="true" id="7779772208" changeset="1" timestamp="2026-09-10T17:28:50Z" lon="80.2254688" uid="1" /><node user="OSMnx" lat="12.8753718" version="1" visible="true" id="7779772209" changeset="1" timestamp="2026-09-10T17:28:50Z" lon="80.2241501" uid="1" /><node user="OSMnx" lat="12.8741939" version="1" visible="true" id="7779772210" changeset="1" timestamp="2026-09-10T17:28:50Z" lon="80.2241287" uid="1" /><node user="OSMnx" lat="12.8742265" version="1" visible="true" id="7779772211" changeset="1" timestamp="2026-09-10T17:28:50Z" lon="80.2241153" uid="1" /><node user="OSMnx" lat="12.8742579" version="1" visible="true" id="7779772212" changeset="1" timestamp="2026-09-10T17:28:50Z" lon="80.2241153" uid="1" /><node user="OSMnx" lat="12.8750554" version="1" visible="true" id="7779772213" changeset="1" timestamp="2026-09-10T17:28:50Z" lon="80.2242413" uid="1" /><node user="OSMnx" lat="12.8695062" version="1" visible="true" id="7779772226" changeset="1" timestamp="2026-09-10T17:28:50Z" lon="80.2211749" uid="1" /><node user="OSMnx" lat="12.86901" version="1" visible="true" id="7779772227" changeset="1" timestamp="2026-09-10T17:28:50Z" lon="80.221079" uid="1" /><node user="OSMnx" lat="12.8694702" version="1" visible="true" id="7779772228" changeset="1" timestamp="2026-09-10T17:28:50Z" lon="80.2211789" uid="1" /><node user="OSMnx" lat="12.8694898" version="1" visible="true" id="7779772229" changeset="1" timestamp="2026-09-10T17:28:50Z" lon="80.2211782" uid="1" /><node user="OSMnx" lat="12.8695215" version="1" visible="true" id="7779772230" changeset="1" timestamp="2026-09-10T17:28:50Z" lon="80.2211665" uid="1" /><node user="OSMnx" lat="12.8695424" version="1" visible="true" id="7779772231" changeset="1" timestamp="2026-09-10T17:28:50Z" lon="80.2211528" uid="1" /><node user="OSMnx" lat="12.8695791" version="1" visible="true" id="7779772232" changeset="1" timestamp="2026-09-10T17:28:50Z" lon="80.221135" uid="1" /><node user="OSMnx" lat="12.8696" version="1" visible="true" id="7779772233" changeset="1" timestamp="2026-09-10T17:28:50Z" lon="80.2211306" uid="1" /><node user="OSMnx" lat="12.8696242" version="1" visible="true" id="7779772234" changeset="1" timestamp="2026-09-10T17:28:50Z" lon="80.221135" uid="1" /><node user="OSMnx" lat="12.8697562" version="1" visible="true" id="7779772235" changeset="1" timestamp="2026-09-10T17:28:50Z" lon="80.2211525" uid="1" /><node user="OSMnx" lat="12.8698724" version="1" visible="true" id="7779772236" changeset="1" timestamp="2026-09-10T17:28:50Z" lon="80.2197145" uid="1" /><node user="OSMnx" lat="12.8699856" version="1" visible="true" id="7779772237" changeset="1" timestamp="2026-09-10T17:28:50Z" lon="80.2190762" uid="1" /><node user="OSMnx" lat="12.8702063" version="1" visible="true" id="7779772238" changeset="1" timestamp="2026-09-10T17:28:50Z" lon="80.2180105" uid="1" /><node user="OSMnx" lat="12.8698651" version="1" visible="true" id="7779772239" changeset="1" timestamp="2026-09-10T17:28:50Z" lon="80.217965" uid="1" /><node user="OSMnx" lat="12.870378" version="1" visible="true" id="7779772240" changeset="1" timestamp="2026-09-10T17:28:50Z" lon="80.2180327" uid="1" /><node user="OSMnx" lat="12.8663925" version="1" visible="true" id="7779772245" changeset="1" timestamp="2026-09-10T17:28:50Z" lon="80.2239597" uid="1" /><node user="OSMnx" lat="12.8671692" version="1" visible="true" id="7779772246" changeset="1" timestamp="2026-09-10T17:28:50Z" lon="80.2240401" uid="1" /><node user="OSMnx" lat="12.8677" version="1" visible="true" id="7779772247" changeset="1" timestamp="2026-09-10T17:28:50Z" lon="80.2241179" uid="1" /><node user="OSMnx" lat="12.8679144" version="1" visible="true" id="7779772248" changeset="1" timestamp="2026-09-10T17:28:50Z" lon="80.2241072" uid="1" /><node user="OSMnx" lat="12.8759497" version="1" visible="true" id="7779772270" changeset="1" timestamp="2026-09-10T17:28:50Z" lon="80.227071" uid="1" /><node user="OSMnx" lat="12.867781" version="1" visible="true" id="7779805661" changeset="1" timestamp="2026-09-10T17:28:50Z" lon="80.2241193" uid="1" /><node user="OSMnx" lat="12.8677205" version="1" visible="true" id="7779805662" changeset="1" timestamp="2026-09-10T17:28:50Z" lon="80.2262602" uid="1" /><node user="OSMnx" lat="12.8676757" version="1" visible="true" id="7779805663" changeset="1" timestamp="2026-09-10T17:28:50Z" lon="80.2256042" uid="1" /><node user="OSMnx" lat="12.867645" version="1" visible="true" id="7779805665" changeset="1" timestamp="2026-09-10T17:28:50Z" lon="80.2253225" uid="1" /><node user="OSMnx" lat="12.8676548" version="1" visible="true" id="7779805666" changeset="1" timestamp="2026-09-10T17:28:50Z" lon="80.2252937" uid="1" /><node user="OSMnx" lat="12.8676712" version="1" visible="true" id="7779805667" changeset="1" timestamp="2026-09-10T17:28:50Z" lon="80.2252763" uid="1" /><node user="OSMnx" lat="12.8681957" version="1" visible="true" id="7779805668" changeset="1" timestamp="2026-09-10T17:28:50Z" lon="80.2262272" uid="1" /><node user="OSMnx" lat="12.8681268" version="1" visible="true" id="7779805669" changeset="1" timestamp="2026-09-10T17:28:50Z" lon="80.2253728" uid="1" /><node user="OSMnx" lat="12.8681033" version="1" visible="true" id="7779805670" changeset="1" timestamp="2026-09-10T17:28:50Z" lon="80.2253044" uid="1" /><node user="OSMnx" lat="12.8680732" version="1" visible="true" id="7779805671" changeset="1" timestamp="2026-09-10T17:28:50Z" lon="80.2252588" uid="1" /><node user="OSMnx" lat="12.8680327" version="1" visible="true" id="7779805672" changeset="1" timestamp="2026-09-10T17:28:50Z" lon="80.2252427" uid="1" /><node user="OSMnx" lat="12.8677045" version="1" visible="true" id="7779805673" changeset="1" timestamp="2026-09-10T17:28:50Z" lon="80.2252669" uid="1" /><node user="OSMnx" lat="12.8691609" version="1" visible="true" id="7779805674" changeset="1" timestamp="2026-09-10T17:28:50Z" lon="80.2262873" uid="1" /><node user="OSMnx" lat="12.8692872" version="1" visible="true" id="7779805675" changeset="1" timestamp="2026-09-10T17:28:50Z" lon="80.2252418" uid="1" /><node user="OSMnx" lat="12.8733294" version="1" visible="true" id="7779813386" changeset="1" timestamp="2026-09-10T17:28:50Z" lon="80.2265676" uid="1" /><node user="OSMnx" lat="12.8723819" version="1" visible="true" id="7779813387" changeset="1" timestamp="2026-09-10T17:28:50Z" lon="80.2265364" uid="1" /><node user="OSMnx" lat="12.8728052" version="1" visible="true" id="7779813390" changeset="1" timestamp="2026-09-10T17:28:50Z" lon="80.2262091" uid="1" /><node user="OSMnx" lat="12.8691493" version="1" visible="true" id="7779813419" changeset="1" timestamp="2026-09-10T17:28:50Z" lon="80.2211093" uid="1" /><node user="OSMnx" lat="12.8693983" version="1" visible="true" id="7779813420" changeset="1" timestamp="2026-09-10T17:28:50Z" lon="80.2198747" uid="1" /><node user="OSMnx" lat="12.8698258" version="1" visible="true" id="7779813421" changeset="1" timestamp="2026-09-10T17:28:50Z" lon="80.219957" uid="1" /><node user="OSMnx" lat="12.869095" version="1" visible="true" id="7779813422" changeset="1" timestamp="2026-09-10T17:28:50Z" lon="80.2198237" uid="1" /><node user="OSMnx" lat="12.870047" version="1" visible="true" id="7779813423" changeset="1" timestamp="2026-09-10T17:28:50Z" lon="80.2197426" uid="1" /><node user="OSMnx" lat="12.8697029" version="1" visible="true" id="7779813424" changeset="1" timestamp="2026-09-10T17:28:50Z" lon="80.2196628" uid="1" /><node user="OSMnx" lat="12.8796437" version="1" visible="true" id="7779813425" changeset="1" timestamp="2026-09-10T17:28:50Z" lon="80.2261651" uid="1" /><node user="OSMnx" lat="12.8766261" version="1" visible="true" id="7779813426" changeset="1" timestamp="2026-09-10T17:28:50Z" lon="80.2250372" uid="1" /><node user="OSMnx" lat="12.876189" version="1" visible="true" id="7779813427" changeset="1" timestamp="2026-09-10T17:28:50Z" lon="80.2250151" uid="1" /><node user="OSMnx" lat="12.8761354" version="1" visible="true" id="7779813428" changeset="1" timestamp="2026-09-10T17:28:50Z" lon="80.2249937" uid="1" /><node user="OSMnx" lat="12.876104" version="1" visible="true" id="7779813429" changeset="1" timestamp="2026-09-10T17:28:50Z" lon="80.2249548" uid="1" /><node user="OSMnx" lat="12.8760857" version="1" visible="true" id="7779813430" changeset="1" timestamp="2026-09-10T17:28:50Z" lon="80.2248971" uid="1" /><node user="OSMnx" lat="12.8760635" version="1" visible="true" id="7779813431" changeset="1" timestamp="2026-09-10T17:28:50Z" lon="80.2246839" uid="1" /><node user="OSMnx" lat="12.8759954" version="1" visible="true" id="7779813432" changeset="1" timestamp="2026-09-10T17:28:50Z" lon="80.2245055" uid="1" /><node user="OSMnx" lat="12.8759706" version="1" visible="true" id="7779813433" changeset="1" timestamp="2026-09-10T17:28:50Z" lon="80.2244887" uid="1" /><node user="OSMnx" lat="12.8759575" version="1" visible="true" id="7779813434" changeset="1" timestamp="2026-09-10T17:28:50Z" lon="80.2244686" uid="1" /><node user="OSMnx" lat="12.8760948" version="1" visible="true" id="7779813435" changeset="1" timestamp="2026-09-10T17:28:50Z" lon="80.2239476" uid="1" /><node user="OSMnx" lat="12.8759889" version="1" visible="true" id="7779813436" changeset="1" timestamp="2026-09-10T17:28:50Z" lon="80.2240609" uid="1" /><node user="OSMnx" lat="12.8759974" version="1" visible="true" id="7779813437" changeset="1" timestamp="2026-09-10T17:28:50Z" lon="80.2239899" uid="1" /><node user="OSMnx" lat="12.8760183" version="1" visible="true" id="7779813438" changeset="1" timestamp="2026-09-10T17:28:50Z" lon="80.2239644" uid="1" /><node user="OSMnx" lat="12.876253" version="1" visible="true" id="7779813439" changeset="1" timestamp="2026-09-10T17:28:50Z" lon="80.2242735" uid="1" /><node user="OSMnx" lat="12.8762615" version="1" visible="true" id="7779813440" changeset="1" timestamp="2026-09-10T17:28:50Z" lon="80.224244" uid="1" /><node user="OSMnx" lat="12.87627" version="1" visible="true" id="7779813441" changeset="1" timestamp="2026-09-10T17:28:50Z" lon="80.2242292" uid="1" /><node user="OSMnx" lat="12.8762922" version="1" visible="true" id="7779813442" changeset="1" timestamp="2026-09-10T17:28:50Z" lon="80.2241863" uid="1" /><node user="OSMnx" lat="12.8763144" version="1" visible="true" id="7779813443" changeset="1" timestamp="2026-09-10T17:28:50Z" lon="80.2242386" uid="1" /><node user="OSMnx" lat="12.8763236" version="1" visible="true" id="7779813444" changeset="1" timestamp="2026-09-10T17:28:50Z" lon="80.2242668" uid="1" /><node user="OSMnx" lat="12.8760399" version="1" visible="true" id="7779813445" changeset="1" timestamp="2026-09-10T17:28:50Z" lon="80.2239543" uid="1" /><node user="OSMnx" lat="12.8765105" version="1" visible="true" id="7779813446" changeset="1" timestamp="2026-09-10T17:28:50Z" lon="80.2240046" uid="1" /><node user="OSMnx" lat="12.876536" version="1" visible="true" id="7779813447" changeset="1" timestamp="2026-09-10T17:28:50Z" lon="80.2240214" uid="1" /><node user="OSMnx" lat="12.8765498" version="1" visible="true" id="7779813448" changeset="1" timestamp="2026-09-10T17:28:50Z" lon="80.2240408" uid="1" /><node user="OSMnx" lat="12.8765589" version="1" visible="true" id="7779813449" changeset="1" timestamp="2026-09-10T17:28:50Z" lon="80.224079" uid="1" /><node user="OSMnx" lat="12.8765733" version="1" visible="true" id="7779813450" changeset="1" timestamp="2026-09-10T17:28:50Z" lon="80.2245726" uid="1" /><node user="OSMnx" lat="12.8762857" version="1" visible="true" id="7779813451" changeset="1" timestamp="2026-09-10T17:28:50Z" lon="80.2239825" uid="1" /><node user="OSMnx" lat="12.8763275" version="1" visible="true" id="7779813452" changeset="1" timestamp="2026-09-10T17:28:50Z" lon="80.2243225" uid="1" /><node user="OSMnx" lat="12.8766689" version="1" visible="true" id="7779813453" changeset="1" timestamp="2026-09-10T17:28:50Z" lon="80.2245944" uid="1" /><node user="OSMnx" lat="12.8759497" version="1" visible="true" id="7779813454" changeset="1" timestamp="2026-09-10T17:28:50Z" lon="80.2244344" uid="1" /><node user="OSMnx" lat="12.8762297" version="1" visible="true" id="7779813455" changeset="1" timestamp="2026-09-10T17:28:50Z" lon="80.2245575" uid="1" /><node user="OSMnx" lat="12.8763233" version="1" visible="true" id="7779813456" changeset="1" timestamp="2026-09-10T17:28:50Z" lon="80.2245689" uid="1" /><node user="OSMnx" lat="12.8760985" version="1" visible="true" id="7779813457" changeset="1" timestamp="2026-09-10T17:28:50Z" lon="80.2268073" uid="1" /><node user="OSMnx" lat="12.8677886" version="1" visible="true" id="7803943080" changeset="1" timestamp="2026-09-10T17:28:50Z" lon="80.2182049" uid="1" /><node user="OSMnx" lat="12.8678512" version="1" visible="true" id="7803943081" changeset="1" timestamp="2026-09-10T17:28:50Z" lon="80.217678" uid="1" /><node user="OSMnx" lat="12.8680572" version="1" visible="true" id="7803943083" changeset="1" timestamp="2026-09-10T17:28:50Z" lon="80.2176744" uid="1" /><node user="OSMnx" lat="12.8681285" version="1" visible="true" id="7803943084" changeset="1" timestamp="2026-09-10T17:28:50Z" lon="80.2176909" uid="1" /><node user="OSMnx" lat="12.8683388" version="1" visible="true" id="7803956586" changeset="1" timestamp="2026-09-10T17:28:50Z" lon="80.2177284" uid="1" /><node user="OSMnx" lat="12.8689775" version="1" visible="true" id="7803956587" changeset="1" timestamp="2026-09-10T17:28:50Z" lon="80.2178165" uid="1" /><node user="OSMnx" lat="12.8778712" version="1" visible="true" id="7844437487" changeset="1" timestamp="2026-09-10T17:28:50Z" lon="80.2194143" uid="1" /><node user="OSMnx" lat="12.8778419" version="1" visible="true" id="7844437488" changeset="1" timestamp="2026-09-10T17:28:50Z" lon="80.2195468" uid="1" /><node user="OSMnx" lat="12.8772479" version="1" visible="true" id="9796736643" changeset="1" timestamp="2026-09-10T17:28:50Z" lon="80.2125456" uid="1" /><node user="OSMnx" lat="12.870584" version="1" visible="true" id="9798561074" changeset="1" timestamp="2026-09-10T17:28:50Z" lon="80.2196687" uid="1" /><node user="OSMnx" lat="12.8722201" version="1" visible="true" id="9798561356" changeset="1" timestamp="2026-09-10T17:28:50Z" lon="80.2214947" uid="1" /><node user="OSMnx" lat="12.872197" version="1" visible="true" id="9798561357" changeset="1" timestamp="2026-09-10T17:28:50Z" lon="80.2214842" uid="1" /><node user="OSMnx" lat="12.8721783" version="1" visible="true" id="9798561358" changeset="1" timestamp="2026-09-10T17:28:50Z" lon="80.2214668" uid="1" /><node user="OSMnx" lat="12.8721658" version="1" visible="true" id="9798561359" changeset="1" timestamp="2026-09-10T17:28:50Z" lon="80.2214443" uid="1" /><node user="OSMnx" lat="12.8721608" version="1" visible="true" id="9798561360" changeset="1" timestamp="2026-09-10T17:28:50Z" lon="80.2214189" uid="1" /><node user="OSMnx" lat="12.8722642" version="1" visible="true" id="9798561361" changeset="1" timestamp="2026-09-10T17:28:50Z" lon="80.2213379" uid="1" /><node user="OSMnx" lat="12.8722883" version="1" visible="true" id="9798561362" changeset="1" timestamp="2026-09-10T17:28:50Z" lon="80.2213507" uid="1" /><node user="OSMnx" lat="12.8723069" version="1" visible="true" id="9798561363" changeset="1" timestamp="2026-09-10T17:28:50Z" lon="80.2213711" uid="1" /><node user="OSMnx" lat="12.8723176" version="1" visible="true" id="9798561364" changeset="1" timestamp="2026-09-10T17:28:50Z" lon="80.2213968" uid="1" /><node user="OSMnx" lat="12.8723194" version="1" visible="true" id="9798561365" changeset="1" timestamp="2026-09-10T17:28:50Z" lon="80.2214246" uid="1" /><node user="OSMnx" lat="12.8721639" version="1" visible="true" id="9798561366" changeset="1" timestamp="2026-09-10T17:28:50Z" lon="80.2213932" uid="1" /><node user="OSMnx" lat="12.8721746" version="1" visible="true" id="9798561367" changeset="1" timestamp="2026-09-10T17:28:50Z" lon="80.2213697" uid="1" /><node user="OSMnx" lat="12.872192" version="1" visible="true" id="9798561368" changeset="1" timestamp="2026-09-10T17:28:50Z" lon="80.2213509" uid="1" /><node user="OSMnx" lat="12.8722143" version="1" visible="true" id="9798561369" changeset="1" timestamp="2026-09-10T17:28:50Z" lon="80.2213387" uid="1" /><node user="OSMnx" lat="12.8722392" version="1" visible="true" id="9798561370" changeset="1" timestamp="2026-09-10T17:28:50Z" lon="80.2213342" uid="1" /><node user="OSMnx" lat="12.8723118" version="1" visible="true" id="9798561371" changeset="1" timestamp="2026-09-10T17:28:50Z" lon="80.2214514" uid="1" /><node user="OSMnx" lat="12.8722959" version="1" visible="true" id="9798561372" changeset="1" timestamp="2026-09-10T17:28:50Z" lon="80.221474" uid="1" /><node user="OSMnx" lat="12.8722735" version="1" visible="true" id="9798561373" changeset="1" timestamp="2026-09-10T17:28:50Z" lon="80.2214899" uid="1" /><node user="OSMnx" lat="12.8722472" version="1" visible="true" id="9798561374" changeset="1" timestamp="2026-09-10T17:28:50Z" lon="80.221497" uid="1" /><node user="OSMnx" lat="12.8726852" version="1" visible="true" id="9798561375" changeset="1" timestamp="2026-09-10T17:28:50Z" lon="80.2192543" uid="1" /><node user="OSMnx" lat="12.8727048" version="1" visible="true" id="9798561376" changeset="1" timestamp="2026-09-10T17:28:50Z" lon="80.219186" uid="1" /><node user="OSMnx" lat="12.8727283" version="1" visible="true" id="9798561377" changeset="1" timestamp="2026-09-10T17:28:50Z" lon="80.2191418" uid="1" /><node user="OSMnx" lat="12.8727636" version="1" visible="true" id="9798561378" changeset="1" timestamp="2026-09-10T17:28:50Z" lon="80.2190855" uid="1" /><node user="OSMnx" lat="12.8728106" version="1" visible="true" id="9798561379" changeset="1" timestamp="2026-09-10T17:28:50Z" lon="80.2190253" uid="1" /><node user="OSMnx" lat="12.8728498" version="1" visible="true" id="9798561380" changeset="1" timestamp="2026-09-10T17:28:50Z" lon="80.218967" uid="1" /><node user="OSMnx" lat="12.872874" version="1" visible="true" id="9798561381" changeset="1" timestamp="2026-09-10T17:28:50Z" lon="80.2188898" uid="1" /><node user="OSMnx" lat="12.8733812" version="1" visible="true" id="9798561382" changeset="1" timestamp="2026-09-10T17:28:50Z" lon="80.2163449" uid="1" /><node user="OSMnx" lat="12.8724054" version="1" visible="true" id="9798561383" changeset="1" timestamp="2026-09-10T17:28:50Z" lon="80.221494" uid="1" /><node user="OSMnx" lat="12.8725449" version="1" visible="true" id="9798561384" changeset="1" timestamp="2026-09-10T17:28:50Z" lon="80.2215333" uid="1" /><node user="OSMnx" lat="12.8734942" version="1" visible="true" id="9798561385" changeset="1" timestamp="2026-09-10T17:28:50Z" lon="80.2217327" uid="1" /><node user="OSMnx" lat="12.8727471" version="1" visible="true" id="9798561386" changeset="1" timestamp="2026-09-10T17:28:50Z" lon="80.2215757" uid="1" /><node user="OSMnx" lat="12.8732484" version="1" visible="true" id="9798561387" changeset="1" timestamp="2026-09-10T17:28:50Z" lon="80.2191676" uid="1" /><node user="OSMnx" lat="12.8727789" version="1" visible="true" id="9798561388" changeset="1" timestamp="2026-09-10T17:28:50Z" lon="80.2190659" uid="1" /><node user="OSMnx" lat="12.873847" version="1" visible="true" id="9798561389" changeset="1" timestamp="2026-09-10T17:28:50Z" lon="80.2192894" uid="1" /><node user="OSMnx" lat="12.8734704" version="1" visible="true" id="9798561391" changeset="1" timestamp="2026-09-10T17:28:50Z" lon="80.2209567" uid="1" /><node user="OSMnx" lat="12.8733104" version="1" visible="true" id="9798561392" changeset="1" timestamp="2026-09-10T17:28:50Z" lon="80.2216941" uid="1" /><node user="OSMnx" lat="12.8739258" version="1" visible="true" id="9798561393" changeset="1" timestamp="2026-09-10T17:28:50Z" lon="80.2189241" uid="1" /><node user="OSMnx" lat="12.8729118" version="1" visible="true" id="9798561394" changeset="1" timestamp="2026-09-10T17:28:50Z" lon="80.2187023" uid="1" /><node user="OSMnx" lat="12.8730978" version="1" visible="true" id="9798561395" changeset="1" timestamp="2026-09-10T17:28:50Z" lon="80.2198781" uid="1" /><node user="OSMnx" lat="12.8734054" version="1" visible="true" id="9798561396" changeset="1" timestamp="2026-09-10T17:28:50Z" lon="80.219941" uid="1" /><node user="OSMnx" lat="12.8735541" version="1" visible="true" id="9798561397" changeset="1" timestamp="2026-09-10T17:28:50Z" lon="80.2192298" uid="1" /><node user="OSMnx" lat="12.8729619" version="1" visible="true" id="9798561398" changeset="1" timestamp="2026-09-10T17:28:50Z" lon="80.2205438" uid="1" /><node user="OSMnx" lat="12.8735337" version="1" visible="true" id="9798561399" changeset="1" timestamp="2026-09-10T17:28:50Z" lon="80.220663" uid="1" /><node user="OSMnx" lat="12.8729007" version="1" visible="true" id="9798561400" changeset="1" timestamp="2026-09-10T17:28:50Z" lon="80.2208379" uid="1" /><node user="OSMnx" lat="12.8723833" version="1" visible="true" id="9798561401" changeset="1" timestamp="2026-09-10T17:28:50Z" lon="80.2207484" uid="1" /><node user="OSMnx" lat="12.8728964" version="1" visible="true" id="9798561402" changeset="1" timestamp="2026-09-10T17:28:50Z" lon="80.2208584" uid="1" /><node user="OSMnx" lat="12.8724979" version="1" visible="true" id="9798561403" changeset="1" timestamp="2026-09-10T17:28:50Z" lon="80.2201816" uid="1" /><node user="OSMnx" lat="12.8730143" version="1" visible="true" id="9798561404" changeset="1" timestamp="2026-09-10T17:28:50Z" lon="80.220292" uid="1" /><node user="OSMnx" lat="12.8725694" version="1" visible="true" id="9798561405" changeset="1" timestamp="2026-09-10T17:28:50Z" lon="80.2198276" uid="1" /><node user="OSMnx" lat="12.8730862" version="1" visible="true" id="9798561406" changeset="1" timestamp="2026-09-10T17:28:50Z" lon="80.2199466" uid="1" /><node user="OSMnx" lat="12.8724592" version="1" visible="true" id="9798561407" changeset="1" timestamp="2026-09-10T17:28:50Z" lon="80.2203728" uid="1" /><node user="OSMnx" lat="12.8727792" version="1" visible="true" id="9798561408" changeset="1" timestamp="2026-09-10T17:28:50Z" lon="80.220444" uid="1" /><node user="OSMnx" lat="12.8727011" version="1" visible="true" id="9798561409" changeset="1" timestamp="2026-09-10T17:28:50Z" lon="80.2208165" uid="1" /><node user="OSMnx" lat="12.8727458" version="1" visible="true" id="9798561410" changeset="1" timestamp="2026-09-10T17:28:50Z" lon="80.2206034" uid="1" /><node user="OSMnx" lat="12.8729405" version="1" visible="true" id="9798561411" changeset="1" timestamp="2026-09-10T17:28:50Z" lon="80.2206465" uid="1" /><node user="OSMnx" lat="12.8728934" version="1" visible="true" id="9798561412" changeset="1" timestamp="2026-09-10T17:28:50Z" lon="80.2199022" uid="1" /><node user="OSMnx" lat="12.8728229" version="1" visible="true" id="9798561413" changeset="1" timestamp="2026-09-10T17:28:50Z" lon="80.2202511" uid="1" /><node user="OSMnx" lat="12.8728683" version="1" visible="true" id="9798561414" changeset="1" timestamp="2026-09-10T17:28:50Z" lon="80.2200264" uid="1" /><node user="OSMnx" lat="12.87306" version="1" visible="true" id="9798561415" changeset="1" timestamp="2026-09-10T17:28:50Z" lon="80.2200723" uid="1" /><node user="OSMnx" lat="12.8731249" version="1" visible="true" id="9798561416" changeset="1" timestamp="2026-09-10T17:28:50Z" lon="80.2197607" uid="1" /><node user="OSMnx" lat="12.8726047" version="1" visible="true" id="9798561417" changeset="1" timestamp="2026-09-10T17:28:50Z" lon="80.2196526" uid="1" /><node user="OSMnx" lat="12.8726762" version="1" visible="true" id="9798561418" changeset="1" timestamp="2026-09-10T17:28:50Z" lon="80.2192989" uid="1" /><node user="OSMnx" lat="12.8731981" version="1" visible="true" id="9798561419" changeset="1" timestamp="2026-09-10T17:28:50Z" lon="80.2194093" uid="1" /><node user="OSMnx" lat="12.8730089" version="1" visible="true" id="9798561420" changeset="1" timestamp="2026-09-10T17:28:50Z" lon="80.2193693" uid="1" /><node user="OSMnx" lat="12.8729346" version="1" visible="true" id="9798561421" changeset="1" timestamp="2026-09-10T17:28:50Z" lon="80.2197212" uid="1" /><node user="OSMnx" lat="12.8729783" version="1" visible="true" id="9798561422" changeset="1" timestamp="2026-09-10T17:28:50Z" lon="80.2195145" uid="1" /><node user="OSMnx" lat="12.8731674" version="1" visible="true" id="9798561423" changeset="1" timestamp="2026-09-10T17:28:50Z" lon="80.2195568" uid="1" /><node user="OSMnx" lat="12.8731766" version="1" visible="true" id="9798561424" changeset="1" timestamp="2026-09-10T17:28:50Z" lon="80.2195124" uid="1" /><node user="OSMnx" lat="12.8734822" version="1" visible="true" id="9798561425" changeset="1" timestamp="2026-09-10T17:28:50Z" lon="80.2195771" uid="1" /><node user="OSMnx" lat="12.8733497" version="1" visible="true" id="9798561429" changeset="1" timestamp="2026-09-10T17:28:50Z" lon="80.2201694" uid="1" /><node user="OSMnx" lat="12.8736321" version="1" visible="true" id="9798561430" changeset="1" timestamp="2026-09-10T17:28:50Z" lon="80.2202346" uid="1" /><node user="OSMnx" lat="12.8730544" version="1" visible="true" id="9798561431" changeset="1" timestamp="2026-09-10T17:28:50Z" lon="80.2200996" uid="1" /><node user="OSMnx" lat="12.8735907" version="1" visible="true" id="9798561432" changeset="1" timestamp="2026-09-10T17:28:50Z" lon="80.2204168" uid="1" /><node user="OSMnx" lat="12.8734254" version="1" visible="true" id="9798561433" changeset="1" timestamp="2026-09-10T17:28:50Z" lon="80.2201868" uid="1" /><node user="OSMnx" lat="12.8733851" version="1" visible="true" id="9798561434" changeset="1" timestamp="2026-09-10T17:28:50Z" lon="80.2203723" uid="1" /><node user="OSMnx" lat="12.8732625" version="1" visible="true" id="9798561435" changeset="1" timestamp="2026-09-10T17:28:50Z" lon="80.2201486" uid="1" /><node user="OSMnx" lat="12.8732207" version="1" visible="true" id="9798561436" changeset="1" timestamp="2026-09-10T17:28:50Z" lon="80.2203367" uid="1" /><node user="OSMnx" lat="12.8733091" version="1" visible="true" id="9798561437" changeset="1" timestamp="2026-09-10T17:28:50Z" lon="80.2203555" uid="1" /><node user="OSMnx" lat="12.8732545" version="1" visible="true" id="9798561438" changeset="1" timestamp="2026-09-10T17:28:50Z" lon="80.2206061" uid="1" /><node user="OSMnx" lat="12.873339" version="1" visible="true" id="9798561439" changeset="1" timestamp="2026-09-10T17:28:50Z" lon="80.2206233" uid="1" /><node user="OSMnx" lat="12.8732779" version="1" visible="true" id="9798561440" changeset="1" timestamp="2026-09-10T17:28:50Z" lon="80.2209165" uid="1" /><node user="OSMnx" lat="12.8730988" version="1" visible="true" id="9798561441" changeset="1" timestamp="2026-09-10T17:28:50Z" lon="80.2205729" uid="1" /><node user="OSMnx" lat="12.8730382" version="1" visible="true" id="9798561442" changeset="1" timestamp="2026-09-10T17:28:50Z" lon="80.2208666" uid="1" /><node user="OSMnx" lat="12.8748769" version="1" visible="true" id="9798561443" changeset="1" timestamp="2026-09-10T17:28:50Z" lon="80.222291" uid="1" /><node user="OSMnx" lat="12.8751226" version="1" visible="true" id="9798561444" changeset="1" timestamp="2026-09-10T17:28:50Z" lon="80.2211172" uid="1" /><node user="OSMnx" lat="12.8749966" version="1" visible="true" id="9798561445" changeset="1" timestamp="2026-09-10T17:28:50Z" lon="80.2217194" uid="1" /><node user="OSMnx" lat="12.8740986" version="1" visible="true" id="9798561446" changeset="1" timestamp="2026-09-10T17:28:50Z" lon="80.2215081" uid="1" /><node user="OSMnx" lat="12.8740491" version="1" visible="true" id="9798561447" changeset="1" timestamp="2026-09-10T17:28:50Z" lon="80.2215058" uid="1" /><node user="OSMnx" lat="12.8739282" version="1" visible="true" id="9798561448" changeset="1" timestamp="2026-09-10T17:28:50Z" lon="80.2215596" uid="1" /><node user="OSMnx" lat="12.8745442" version="1" visible="true" id="9798561449" changeset="1" timestamp="2026-09-10T17:28:50Z" lon="80.221613" uid="1" /><node user="OSMnx" lat="12.8748068" version="1" visible="true" id="9798561450" changeset="1" timestamp="2026-09-10T17:28:50Z" lon="80.2203125" uid="1" /><node user="OSMnx" lat="12.8749553" version="1" visible="true" id="9798561451" changeset="1" timestamp="2026-09-10T17:28:50Z" lon="80.2197222" uid="1" /><node user="OSMnx" lat="12.8746447" version="1" visible="true" id="9798561452" changeset="1" timestamp="2026-09-10T17:28:50Z" lon="80.2199003" uid="1" /><node user="OSMnx" lat="12.8745524" version="1" visible="true" id="9798561453" changeset="1" timestamp="2026-09-10T17:28:50Z" lon="80.220295" uid="1" /><node user="OSMnx" lat="12.8744759" version="1" visible="true" id="9798561454" changeset="1" timestamp="2026-09-10T17:28:50Z" lon="80.2206689" uid="1" /><node user="OSMnx" lat="12.8743041" version="1" visible="true" id="9798561455" changeset="1" timestamp="2026-09-10T17:28:50Z" lon="80.2215565" uid="1" /><node user="OSMnx" lat="12.8736846" version="1" visible="true" id="9798561456" changeset="1" timestamp="2026-09-10T17:28:50Z" lon="80.2200114" uid="1" /><node user="OSMnx" lat="12.8745635" version="1" visible="true" id="9798561457" changeset="1" timestamp="2026-09-10T17:28:50Z" lon="80.2202477" uid="1" /><node user="OSMnx" lat="12.8738084" version="1" visible="true" id="9798561458" changeset="1" timestamp="2026-09-10T17:28:50Z" lon="80.2194589" uid="1" /><node user="OSMnx" lat="12.8756" version="1" visible="true" id="9798561459" changeset="1" timestamp="2026-09-10T17:28:50Z" lon="80.2193228" uid="1" /><node user="OSMnx" lat="12.8744761" version="1" visible="true" id="9798561460" changeset="1" timestamp="2026-09-10T17:28:50Z" lon="80.2190803" uid="1" /><node user="OSMnx" lat="12.8741507" version="1" visible="true" id="9798561461" changeset="1" timestamp="2026-09-10T17:28:50Z" lon="80.2190016" uid="1" /><node user="OSMnx" lat="12.8740539" version="1" visible="true" id="9798561462" changeset="1" timestamp="2026-09-10T17:28:50Z" lon="80.2189693" uid="1" /><node user="OSMnx" lat="12.8739931" version="1" visible="true" id="9798561463" changeset="1" timestamp="2026-09-10T17:28:50Z" lon="80.2189462" uid="1" /><node user="OSMnx" lat="12.8741177" version="1" visible="true" id="9798561464" changeset="1" timestamp="2026-09-10T17:28:50Z" lon="80.2189906" uid="1" /><node user="OSMnx" lat="12.8743657" version="1" visible="true" id="9798561465" changeset="1" timestamp="2026-09-10T17:28:50Z" lon="80.2177659" uid="1" /><node user="OSMnx" lat="12.8731494" version="1" visible="true" id="9798561466" changeset="1" timestamp="2026-09-10T17:28:50Z" lon="80.2175218" uid="1" /><node user="OSMnx" lat="12.8746682" version="1" visible="true" id="9798561467" changeset="1" timestamp="2026-09-10T17:28:50Z" lon="80.2158864" uid="1" /><node user="OSMnx" lat="12.8743082" version="1" visible="true" id="9798561468" changeset="1" timestamp="2026-09-10T17:28:50Z" lon="80.2177543" uid="1" /><node user="OSMnx" lat="12.8745919" version="1" visible="true" id="9798561469" changeset="1" timestamp="2026-09-10T17:28:50Z" lon="80.2162822" uid="1" /><node user="OSMnx" lat="12.8725618" version="1" visible="true" id="9798561471" changeset="1" timestamp="2026-09-10T17:28:50Z" lon="80.2161503" uid="1" /><node user="OSMnx" lat="12.8734258" version="1" visible="true" id="9798561472" changeset="1" timestamp="2026-09-10T17:28:50Z" lon="80.2161396" uid="1" /><node user="OSMnx" lat="12.8745719" version="1" visible="true" id="9798561473" changeset="1" timestamp="2026-09-10T17:28:50Z" lon="80.2163863" uid="1" /><node user="OSMnx" lat="12.8704633" version="1" visible="true" id="9798561474" changeset="1" timestamp="2026-09-10T17:28:50Z" lon="80.2196445" uid="1" /><node user="OSMnx" lat="12.8725229" version="1" visible="true" id="9798561475" changeset="1" timestamp="2026-09-10T17:28:50Z" lon="80.2200576" uid="1" /><node user="OSMnx" lat="12.8708772" version="1" visible="true" id="9798561476" changeset="1" timestamp="2026-09-10T17:28:50Z" lon="80.2176595" uid="1" /><node user="OSMnx" lat="12.8730331" version="1" visible="true" id="9798561477" changeset="1" timestamp="2026-09-10T17:28:50Z" lon="80.2180998" uid="1" /><node user="OSMnx" lat="12.8720845" version="1" visible="true" id="9798561478" changeset="1" timestamp="2026-09-10T17:28:50Z" lon="80.2179061" uid="1" /><node user="OSMnx" lat="12.8716784" version="1" visible="true" id="9798561479" changeset="1" timestamp="2026-09-10T17:28:50Z" lon="80.2198882" uid="1" /><node user="OSMnx" lat="12.8719137" version="1" visible="true" id="9798561480" changeset="1" timestamp="2026-09-10T17:28:50Z" lon="80.2187398" uid="1" /><node user="OSMnx" lat="12.8728592" version="1" visible="true" id="9798561481" changeset="1" timestamp="2026-09-10T17:28:50Z" lon="80.2189371" uid="1" /><node user="OSMnx" lat="12.872108" version="1" visible="true" id="9798561482" changeset="1" timestamp="2026-09-10T17:28:50Z" lon="80.2179109" uid="1" /><node user="OSMnx" lat="12.8722944" version="1" visible="true" id="9798561483" changeset="1" timestamp="2026-09-10T17:28:50Z" lon="80.2170392" uid="1" /><node user="OSMnx" lat="12.8728993" version="1" visible="true" id="9798561484" changeset="1" timestamp="2026-09-10T17:28:50Z" lon="80.2171639" uid="1" /><node user="OSMnx" lat="12.8727215" version="1" visible="true" id="9798561485" changeset="1" timestamp="2026-09-10T17:28:50Z" lon="80.2180362" uid="1" /><node user="OSMnx" lat="12.8705191" version="1" visible="true" id="9798561486" changeset="1" timestamp="2026-09-10T17:28:50Z" lon="80.2207382" uid="1" /><node user="OSMnx" lat="12.871317" version="1" visible="true" id="9798561487" changeset="1" timestamp="2026-09-10T17:28:50Z" lon="80.2210559" uid="1" /><node user="OSMnx" lat="12.8715594" version="1" visible="true" id="9798561488" changeset="1" timestamp="2026-09-10T17:28:50Z" lon="80.2198643" uid="1" /><node user="OSMnx" lat="12.8710002" version="1" visible="true" id="9798561489" changeset="1" timestamp="2026-09-10T17:28:50Z" lon="80.2228772" uid="1" /><node user="OSMnx" lat="12.871342" version="1" visible="true" id="9798561490" changeset="1" timestamp="2026-09-10T17:28:50Z" lon="80.2210659" uid="1" /><node user="OSMnx" lat="12.8713386" version="1" visible="true" id="9798561491" changeset="1" timestamp="2026-09-10T17:28:50Z" lon="80.2229371" uid="1" /><node user="OSMnx" lat="12.8711946" version="1" visible="true" id="9798561492" changeset="1" timestamp="2026-09-10T17:28:50Z" lon="80.2218468" uid="1" /><node user="OSMnx" lat="12.8729487" version="1" visible="true" id="9798561493" changeset="1" timestamp="2026-09-10T17:28:50Z" lon="80.2221519" uid="1" /><node user="OSMnx" lat="12.8722269" version="1" visible="true" id="9798561494" changeset="1" timestamp="2026-09-10T17:28:50Z" lon="80.2214952" uid="1" /><node user="OSMnx" lat="12.8721239" version="1" visible="true" id="9798561495" changeset="1" timestamp="2026-09-10T17:28:50Z" lon="80.2220085" uid="1" /><node user="OSMnx" lat="12.8715249" version="1" visible="true" id="9798561496" changeset="1" timestamp="2026-09-10T17:28:50Z" lon="80.2219042" uid="1" /><node user="OSMnx" lat="12.8730336" version="1" visible="true" id="9798561497" changeset="1" timestamp="2026-09-10T17:28:50Z" lon="80.2221771" uid="1" /><node user="OSMnx" lat="12.8730786" version="1" visible="true" id="9798561498" changeset="1" timestamp="2026-09-10T17:28:50Z" lon="80.2222095" uid="1" /><node user="OSMnx" lat="12.8731259" version="1" visible="true" id="9798561499" changeset="1" timestamp="2026-09-10T17:28:50Z" lon="80.2222602" uid="1" /><node user="OSMnx" lat="12.8732977" version="1" visible="true" id="9798561500" changeset="1" timestamp="2026-09-10T17:28:50Z" lon="80.2221635" uid="1" /><node user="OSMnx" lat="12.8733564" version="1" visible="true" id="9798561501" changeset="1" timestamp="2026-09-10T17:28:50Z" lon="80.2221353" uid="1" /><node user="OSMnx" lat="12.8733913" version="1" visible="true" id="9798561502" changeset="1" timestamp="2026-09-10T17:28:50Z" lon="80.2221308" uid="1" /><node user="OSMnx" lat="12.8734686" version="1" visible="true" id="9798561503" changeset="1" timestamp="2026-09-10T17:28:50Z" lon="80.2218676" uid="1" /><node user="OSMnx" lat="12.873844" version="1" visible="true" id="9798561504" changeset="1" timestamp="2026-09-10T17:28:50Z" lon="80.2219514" uid="1" /><node user="OSMnx" lat="12.8735482" version="1" visible="true" id="9798561505" changeset="1" timestamp="2026-09-10T17:28:50Z" lon="80.2214752" uid="1" /><node user="OSMnx" lat="12.8733672" version="1" visible="true" id="9798561506" changeset="1" timestamp="2026-09-10T17:28:50Z" lon="80.2214324" uid="1" /><node user="OSMnx" lat="12.873374" version="1" visible="true" id="9798561507" changeset="1" timestamp="2026-09-10T17:28:50Z" lon="80.2224792" uid="1" /><node user="OSMnx" lat="12.8733386" version="1" visible="true" id="9798561510" changeset="1" timestamp="2026-09-10T17:28:50Z" lon="80.2227447" uid="1" /><node user="OSMnx" lat="12.8733112" version="1" visible="true" id="9798561511" changeset="1" timestamp="2026-09-10T17:28:50Z" lon="80.2229327" uid="1" /><node user="OSMnx" lat="12.8731617" version="1" visible="true" id="9798561512" changeset="1" timestamp="2026-09-10T17:28:50Z" lon="80.2225359" uid="1" /><node user="OSMnx" lat="12.8731617" version="1" visible="true" id="9798561513" changeset="1" timestamp="2026-09-10T17:28:50Z" lon="80.2224552" uid="1" /><node user="OSMnx" lat="12.8731557" version="1" visible="true" id="9798561514" changeset="1" timestamp="2026-09-10T17:28:50Z" lon="80.2223714" uid="1" /><node user="OSMnx" lat="12.8710209" version="1" visible="true" id="9798561515" changeset="1" timestamp="2026-09-10T17:28:50Z" lon="80.2232127" uid="1" /><node user="OSMnx" lat="12.8709075" version="1" visible="true" id="9798561516" changeset="1" timestamp="2026-09-10T17:28:50Z" lon="80.2237534" uid="1" /><node user="OSMnx" lat="12.8708581" version="1" visible="true" id="9798561517" changeset="1" timestamp="2026-09-10T17:28:50Z" lon="80.2240904" uid="1" /><node user="OSMnx" lat="12.8707927" version="1" visible="true" id="9798561518" changeset="1" timestamp="2026-09-10T17:28:50Z" lon="80.2245752" uid="1" /><node user="OSMnx" lat="12.8706375" version="1" visible="true" id="9798561520" changeset="1" timestamp="2026-09-10T17:28:50Z" lon="80.2250097" uid="1" /><node user="OSMnx" lat="12.8706927" version="1" visible="true" id="9798561521" changeset="1" timestamp="2026-09-10T17:28:50Z" lon="80.2244433" uid="1" /><node user="OSMnx" lat="12.8707488" version="1" visible="true" id="9798561522" changeset="1" timestamp="2026-09-10T17:28:50Z" lon="80.2239953" uid="1" /><node user="OSMnx" lat="12.8707952" version="1" visible="true" id="9798561523" changeset="1" timestamp="2026-09-10T17:28:50Z" lon="80.2237415" uid="1" /><node user="OSMnx" lat="12.8708356" version="1" visible="true" id="9798561524" changeset="1" timestamp="2026-09-10T17:28:50Z" lon="80.2235097" uid="1" /><node user="OSMnx" lat="12.8708839" version="1" visible="true" id="9798561525" changeset="1" timestamp="2026-09-10T17:28:50Z" lon="80.2233138" uid="1" /><node user="OSMnx" lat="12.8709342" version="1" visible="true" id="9798561526" changeset="1" timestamp="2026-09-10T17:28:50Z" lon="80.2230794" uid="1" /><node user="OSMnx" lat="12.871034" version="1" visible="true" id="9798561527" changeset="1" timestamp="2026-09-10T17:28:50Z" lon="80.2230929" uid="1" /><node user="OSMnx" lat="12.8710135" version="1" visible="true" id="9798561528" changeset="1" timestamp="2026-09-10T17:28:50Z" lon="80.2229702" uid="1" /><node user="OSMnx" lat="12.8709549" version="1" visible="true" id="9798561529" changeset="1" timestamp="2026-09-10T17:28:50Z" lon="80.2229818" uid="1" /><node user="OSMnx" lat="12.8705071" version="1" visible="true" id="9798561530" changeset="1" timestamp="2026-09-10T17:28:50Z" lon="80.2264267" uid="1" /><node user="OSMnx" lat="12.8706607" version="1" visible="true" id="9798561531" changeset="1" timestamp="2026-09-10T17:28:50Z" lon="80.2253507" uid="1" /><node user="OSMnx" lat="12.870629" version="1" visible="true" id="9798561532" changeset="1" timestamp="2026-09-10T17:28:50Z" lon="80.2251405" uid="1" /><node user="OSMnx" lat="12.8706343" version="1" visible="true" id="9798561533" changeset="1" timestamp="2026-09-10T17:28:50Z" lon="80.2252219" uid="1" /><node user="OSMnx" lat="12.8707192" version="1" visible="true" id="9798561534" changeset="1" timestamp="2026-09-10T17:28:50Z" lon="80.2251321" uid="1" /><node user="OSMnx" lat="12.8707031" version="1" visible="true" id="9798561535" changeset="1" timestamp="2026-09-10T17:28:50Z" lon="80.2252126" uid="1" /><node user="OSMnx" lat="12.8709484" version="1" visible="true" id="9798561536" changeset="1" timestamp="2026-09-10T17:28:50Z" lon="80.2254183" uid="1" /><node user="OSMnx" lat="12.8710969" version="1" visible="true" id="9798561537" changeset="1" timestamp="2026-09-10T17:28:50Z" lon="80.2254553" uid="1" /><node user="OSMnx" lat="12.8713036" version="1" visible="true" id="9798561538" changeset="1" timestamp="2026-09-10T17:28:50Z" lon="80.2255039" uid="1" /><node user="OSMnx" lat="12.8715669" version="1" visible="true" id="9798561539" changeset="1" timestamp="2026-09-10T17:28:50Z" lon="80.2255547" uid="1" /><node user="OSMnx" lat="12.8728465" version="1" visible="true" id="9798561540" changeset="1" timestamp="2026-09-10T17:28:50Z" lon="80.2257824" uid="1" /><node user="OSMnx" lat="12.8704933" version="1" visible="true" id="9798561541" changeset="1" timestamp="2026-09-10T17:28:50Z" lon="80.2265308" uid="1" /><node user="OSMnx" lat="12.8724743" version="1" visible="true" id="9798561560" changeset="1" timestamp="2026-09-10T17:28:50Z" lon="80.2220694" uid="1" /><node user="OSMnx" lat="12.8724811" version="1" visible="true" id="9798561561" changeset="1" timestamp="2026-09-10T17:28:50Z" lon="80.222367" uid="1" /><node user="OSMnx" lat="12.8724766" version="1" visible="true" id="9798561562" changeset="1" timestamp="2026-09-10T17:28:50Z" lon="80.2224178" uid="1" /><node user="OSMnx" lat="12.8724699" version="1" visible="true" id="9798561563" changeset="1" timestamp="2026-09-10T17:28:50Z" lon="80.2224594" uid="1" /><node user="OSMnx" lat="12.8724732" version="1" visible="true" id="9798561564" changeset="1" timestamp="2026-09-10T17:28:50Z" lon="80.2224848" uid="1" /><node user="OSMnx" lat="12.8724856" version="1" visible="true" id="9798561565" changeset="1" timestamp="2026-09-10T17:28:50Z" lon="80.2225032" uid="1" /><node user="OSMnx" lat="12.8725104" version="1" visible="true" id="9798561566" changeset="1" timestamp="2026-09-10T17:28:50Z" lon="80.2225148" uid="1" /><node user="OSMnx" lat="12.8726634" version="1" visible="true" id="9798561567" changeset="1" timestamp="2026-09-10T17:28:50Z" lon="80.2225459" uid="1" /><node user="OSMnx" lat="12.8707363" version="1" visible="true" id="9798561568" changeset="1" timestamp="2026-09-10T17:28:50Z" lon="80.2250119" uid="1" /><node user="OSMnx" lat="12.8710819" version="1" visible="true" id="9798561569" changeset="1" timestamp="2026-09-10T17:28:50Z" lon="80.2250673" uid="1" /><node user="OSMnx" lat="12.8765388" version="1" visible="true" id="9798617638" changeset="1" timestamp="2026-09-10T17:28:50Z" lon="80.2268241" uid="1" /><node user="OSMnx" lat="12.8764531" version="1" visible="true" id="9798617639" changeset="1" timestamp="2026-09-10T17:28:50Z" lon="80.2268952" uid="1" /><node user="OSMnx" lat="12.8765254" version="1" visible="true" id="9798617641" changeset="1" timestamp="2026-09-10T17:28:50Z" lon="80.2270086" uid="1" /><node user="OSMnx" lat="12.8765697" version="1" visible="true" id="9798617642" changeset="1" timestamp="2026-09-10T17:28:50Z" lon="80.2270827" uid="1" /><node user="OSMnx" lat="12.8765323" version="1" visible="true" id="9798617643" changeset="1" timestamp="2026-09-10T17:28:50Z" lon="80.2268944" uid="1" /><node user="OSMnx" lat="12.87656" version="1" visible="true" id="9798617644" changeset="1" timestamp="2026-09-10T17:28:50Z" lon="80.2270065" uid="1" /><node user="OSMnx" lat="12.8772293" version="1" visible="true" id="9798753873" changeset="1" timestamp="2026-09-10T17:28:50Z" lon="80.2126404" uid="1" /><node user="OSMnx" lat="12.87763" version="1" visible="true" id="9798753874" changeset="1" timestamp="2026-09-10T17:28:50Z" lon="80.2127157" uid="1" /><node user="OSMnx" lat="12.8790654" version="1" visible="true" id="9798753911" changeset="1" timestamp="2026-09-10T17:28:50Z" lon="80.2133184" uid="1" /><node user="OSMnx" lat="12.8788279" version="1" visible="true" id="9798753912" changeset="1" timestamp="2026-09-10T17:28:50Z" lon="80.2145609" uid="1" /><node user="OSMnx" lat="12.8787716" version="1" visible="true" id="9798753913" changeset="1" timestamp="2026-09-10T17:28:50Z" lon="80.2148455" uid="1" /><node user="OSMnx" lat="12.8787246" version="1" visible="true" id="9798753914" changeset="1" timestamp="2026-09-10T17:28:50Z" lon="80.2150721" uid="1" /><node user="OSMnx" lat="12.8791319" version="1" visible="true" id="9798753915" changeset="1" timestamp="2026-09-10T17:28:50Z" lon="80.2133267" uid="1" /><node user="OSMnx" lat="12.8790662" version="1" visible="true" id="9798753916" changeset="1" timestamp="2026-09-10T17:28:50Z" lon="80.2136656" uid="1" /><node user="OSMnx" lat="12.8790026" version="1" visible="true" id="9798753917" changeset="1" timestamp="2026-09-10T17:28:50Z" lon="80.2140034" uid="1" /><node user="OSMnx" lat="12.878888" version="1" visible="true" id="9798753918" changeset="1" timestamp="2026-09-10T17:28:50Z" lon="80.2145918" uid="1" /><node user="OSMnx" lat="12.8787845" version="1" visible="true" id="9798753919" changeset="1" timestamp="2026-09-10T17:28:50Z" lon="80.2150837" uid="1" /><node user="OSMnx" lat="12.8784034" version="1" visible="true" id="9798753920" changeset="1" timestamp="2026-09-10T17:28:50Z" lon="80.2131981" uid="1" /><node user="OSMnx" lat="12.8790624" version="1" visible="true" id="9798753921" changeset="1" timestamp="2026-09-10T17:28:50Z" lon="80.2133338" uid="1" /><node user="OSMnx" lat="12.8786643" version="1" visible="true" id="9798753922" changeset="1" timestamp="2026-09-10T17:28:50Z" lon="80.2132518" uid="1" /><node user="OSMnx" lat="12.8758812" version="1" visible="true" id="9798753923" changeset="1" timestamp="2026-09-10T17:28:50Z" lon="80.2131507" uid="1" /><node user="OSMnx" lat="12.8789616" version="1" visible="true" id="9798753924" changeset="1" timestamp="2026-09-10T17:28:50Z" lon="80.2138615" uid="1" /><node user="OSMnx" lat="12.8769615" version="1" visible="true" id="9798753925" changeset="1" timestamp="2026-09-10T17:28:50Z" lon="80.2133999" uid="1" /><node user="OSMnx" lat="12.8771296" version="1" visible="true" id="9798753926" changeset="1" timestamp="2026-09-10T17:28:50Z" lon="80.2125238" uid="1" /><node user="OSMnx" lat="12.8768092" version="1" visible="true" id="9798753927" changeset="1" timestamp="2026-09-10T17:28:50Z" lon="80.2141818" uid="1" /><node user="OSMnx" lat="12.8764235" version="1" visible="true" id="9798753928" changeset="1" timestamp="2026-09-10T17:28:50Z" lon="80.214307" uid="1" /><node user="OSMnx" lat="12.876609" version="1" visible="true" id="9798753929" changeset="1" timestamp="2026-09-10T17:28:50Z" lon="80.2133186" uid="1" /><node user="OSMnx" lat="12.8789999" version="1" visible="true" id="9798753931" changeset="1" timestamp="2026-09-10T17:28:50Z" lon="80.2136606" uid="1" /><node user="OSMnx" lat="12.8776814" version="1" visible="true" id="9798753932" changeset="1" timestamp="2026-09-10T17:28:50Z" lon="80.2133636" uid="1" /><node user="OSMnx" lat="12.8776401" version="1" visible="true" id="9798753933" changeset="1" timestamp="2026-09-10T17:28:50Z" lon="80.2135565" uid="1" /><node user="OSMnx" lat="12.8760377" version="1" visible="true" id="9798753934" changeset="1" timestamp="2026-09-10T17:28:50Z" lon="80.214368" uid="1" /><node user="OSMnx" lat="12.8762501" version="1" visible="true" id="9798753935" changeset="1" timestamp="2026-09-10T17:28:50Z" lon="80.2132358" uid="1" /><node user="OSMnx" lat="12.8763018" version="1" visible="true" id="9798753936" changeset="1" timestamp="2026-09-10T17:28:50Z" lon="80.2129553" uid="1" /><node user="OSMnx" lat="12.8759263" version="1" visible="true" id="9798753937" changeset="1" timestamp="2026-09-10T17:28:50Z" lon="80.2129068" uid="1" /><node user="OSMnx" lat="12.8741181" version="1" visible="true" id="9798753956" changeset="1" timestamp="2026-09-10T17:28:50Z" lon="80.2144184" uid="1" /><node user="OSMnx" lat="12.8742263" version="1" visible="true" id="9798753959" changeset="1" timestamp="2026-09-10T17:28:50Z" lon="80.2143568" uid="1" /><node user="OSMnx" lat="12.8743494" version="1" visible="true" id="9798753960" changeset="1" timestamp="2026-09-10T17:28:50Z" lon="80.2143352" uid="1" /><node user="OSMnx" lat="12.8744545" version="1" visible="true" id="9798753961" changeset="1" timestamp="2026-09-10T17:28:50Z" lon="80.2143352" uid="1" /><node user="OSMnx" lat="12.8745326" version="1" visible="true" id="9798753962" changeset="1" timestamp="2026-09-10T17:28:50Z" lon="80.2143876" uid="1" /><node user="OSMnx" lat="12.8746648" version="1" visible="true" id="9798753963" changeset="1" timestamp="2026-09-10T17:28:50Z" lon="80.2145447" uid="1" /><node user="OSMnx" lat="12.8747489" version="1" visible="true" id="9798753964" changeset="1" timestamp="2026-09-10T17:28:50Z" lon="80.2146125" uid="1" /><node user="OSMnx" lat="12.874866" version="1" visible="true" id="9798753965" changeset="1" timestamp="2026-09-10T17:28:50Z" lon="80.2146618" uid="1" /><node user="OSMnx" lat="12.8750042" version="1" visible="true" id="9798753966" changeset="1" timestamp="2026-09-10T17:28:50Z" lon="80.2146372" uid="1" /><node user="OSMnx" lat="12.8753286" version="1" visible="true" id="9798753967" changeset="1" timestamp="2026-09-10T17:28:50Z" lon="80.2145571" uid="1" /><node user="OSMnx" lat="12.8755922" version="1" visible="true" id="9798753968" changeset="1" timestamp="2026-09-10T17:28:50Z" lon="80.2145174" uid="1" /><node user="OSMnx" lat="12.875747" version="1" visible="true" id="9798753969" changeset="1" timestamp="2026-09-10T17:28:50Z" lon="80.214487" uid="1" /><node user="OSMnx" lat="12.8758768" version="1" visible="true" id="9798753970" changeset="1" timestamp="2026-09-10T17:28:50Z" lon="80.2144567" uid="1" /><node user="OSMnx" lat="12.8759655" version="1" visible="true" id="9798753971" changeset="1" timestamp="2026-09-10T17:28:50Z" lon="80.2144287" uid="1" /><node user="OSMnx" lat="12.876002" version="1" visible="true" id="9798753972" changeset="1" timestamp="2026-09-10T17:28:50Z" lon="80.2144077" uid="1" /><node user="OSMnx" lat="12.8744468" version="1" visible="true" id="9798753973" changeset="1" timestamp="2026-09-10T17:28:50Z" lon="80.214217" uid="1" /><node user="OSMnx" lat="12.8744606" version="1" visible="true" id="9798753974" changeset="1" timestamp="2026-09-10T17:28:50Z" lon="80.2140826" uid="1" /><node user="OSMnx" lat="12.8744761" version="1" visible="true" id="9798753975" changeset="1" timestamp="2026-09-10T17:28:50Z" lon="80.2139711" uid="1" /><node user="OSMnx" lat="12.8744933" version="1" visible="true" id="9798753976" changeset="1" timestamp="2026-09-10T17:28:50Z" lon="80.2138985" uid="1" /><node user="OSMnx" lat="12.8745192" version="1" visible="true" id="9798753977" changeset="1" timestamp="2026-09-10T17:28:50Z" lon="80.2138065" uid="1" /><node user="OSMnx" lat="12.8782916" version="1" visible="true" id="9798754009" changeset="1" timestamp="2026-09-10T17:28:50Z" lon="80.2171018" uid="1" /><node user="OSMnx" lat="12.8783319" version="1" visible="true" id="9798754010" changeset="1" timestamp="2026-09-10T17:28:50Z" lon="80.2172053" uid="1" /><node user="OSMnx" lat="12.8786538" version="1" visible="true" id="9798754011" changeset="1" timestamp="2026-09-10T17:28:50Z" lon="80.2153963" uid="1" /><node user="OSMnx" lat="12.8785054" version="1" visible="true" id="9798754012" changeset="1" timestamp="2026-09-10T17:28:50Z" lon="80.2161165" uid="1" /><node user="OSMnx" lat="12.8787176" version="1" visible="true" id="9798754013" changeset="1" timestamp="2026-09-10T17:28:50Z" lon="80.2154087" uid="1" /><node user="OSMnx" lat="12.8785675" version="1" visible="true" id="9798754014" changeset="1" timestamp="2026-09-10T17:28:50Z" lon="80.2161324" uid="1" /><node user="OSMnx" lat="12.8783817" version="1" visible="true" id="9798754015" changeset="1" timestamp="2026-09-10T17:28:50Z" lon="80.2166874" uid="1" /><node user="OSMnx" lat="12.878435" version="1" visible="true" id="9798754016" changeset="1" timestamp="2026-09-10T17:28:50Z" lon="80.2167376" uid="1" /><node user="OSMnx" lat="12.8785043" version="1" visible="true" id="9798754017" changeset="1" timestamp="2026-09-10T17:28:50Z" lon="80.2164211" uid="1" /><node user="OSMnx" lat="12.8785773" version="1" visible="true" id="9798754018" changeset="1" timestamp="2026-09-10T17:28:50Z" lon="80.2164037" uid="1" /><node user="OSMnx" lat="12.8786669" version="1" visible="true" id="9798754019" changeset="1" timestamp="2026-09-10T17:28:50Z" lon="80.2163614" uid="1" /><node user="OSMnx" lat="12.8788318" version="1" visible="true" id="9798754020" changeset="1" timestamp="2026-09-10T17:28:50Z" lon="80.2162801" uid="1" /><node user="OSMnx" lat="12.8791231" version="1" visible="true" id="9798754021" changeset="1" timestamp="2026-09-10T17:28:50Z" lon="80.2161158" uid="1" /><node user="OSMnx" lat="12.8803691" version="1" visible="true" id="9798754022" changeset="1" timestamp="2026-09-10T17:28:50Z" lon="80.2153989" uid="1" /><node user="OSMnx" lat="12.8789644" version="1" visible="true" id="9798754025" changeset="1" timestamp="2026-09-10T17:28:50Z" lon="80.2170765" uid="1" /><node user="OSMnx" lat="12.8795004" version="1" visible="true" id="9798754026" changeset="1" timestamp="2026-09-10T17:28:50Z" lon="80.2167926" uid="1" /><node user="OSMnx" lat="12.8789986" version="1" visible="true" id="9798754027" changeset="1" timestamp="2026-09-10T17:28:50Z" lon="80.2166708" uid="1" /><node user="OSMnx" lat="12.8793273" version="1" visible="true" id="9798754028" changeset="1" timestamp="2026-09-10T17:28:50Z" lon="80.2164822" uid="1" /><node user="OSMnx" lat="12.8805803" version="1" visible="true" id="9798754029" changeset="1" timestamp="2026-09-10T17:28:50Z" lon="80.2157823" uid="1" /><node user="OSMnx" lat="12.8761893" version="1" visible="true" id="9798754056" changeset="1" timestamp="2026-09-10T17:28:50Z" lon="80.2177419" uid="1" /><node user="OSMnx" lat="12.8780691" version="1" visible="true" id="9798754057" changeset="1" timestamp="2026-09-10T17:28:50Z" lon="80.2181795" uid="1" /><node user="OSMnx" lat="12.8764867" version="1" visible="true" id="9798754058" changeset="1" timestamp="2026-09-10T17:28:50Z" lon="80.2163667" uid="1" /><node user="OSMnx" lat="12.8752979" version="1" visible="true" id="9798754059" changeset="1" timestamp="2026-09-10T17:28:50Z" lon="80.216104" uid="1" /><node user="OSMnx" lat="12.8752843" version="1" visible="true" id="9798754060" changeset="1" timestamp="2026-09-10T17:28:50Z" lon="80.2179137" uid="1" /><node user="OSMnx" lat="12.8756239" version="1" visible="true" id="9798754061" changeset="1" timestamp="2026-09-10T17:28:50Z" lon="80.2161762" uid="1" /><node user="OSMnx" lat="12.8761097" version="1" visible="true" id="9798754062" changeset="1" timestamp="2026-09-10T17:28:50Z" lon="80.216284" uid="1" /><node user="OSMnx" lat="12.8762257" version="1" visible="true" id="9798754063" changeset="1" timestamp="2026-09-10T17:28:50Z" lon="80.2157078" uid="1" /><node user="OSMnx" lat="12.8767307" version="1" visible="true" id="9798754064" changeset="1" timestamp="2026-09-10T17:28:50Z" lon="80.2152389" uid="1" /><node user="OSMnx" lat="12.8784494" version="1" visible="true" id="9798754065" changeset="1" timestamp="2026-09-10T17:28:50Z" lon="80.2163751" uid="1" /><node user="OSMnx" lat="12.8765764" version="1" visible="true" id="9798754066" changeset="1" timestamp="2026-09-10T17:28:50Z" lon="80.2159522" uid="1" /><node user="OSMnx" lat="12.87653" version="1" visible="true" id="9798754067" changeset="1" timestamp="2026-09-10T17:28:50Z" lon="80.2161668" uid="1" /><node user="OSMnx" lat="12.8776362" version="1" visible="true" id="9798754069" changeset="1" timestamp="2026-09-10T17:28:50Z" lon="80.2200589" uid="1" /><node user="OSMnx" lat="12.8758528" version="1" visible="true" id="9798754070" changeset="1" timestamp="2026-09-10T17:28:50Z" lon="80.2192847" uid="1" /><node user="OSMnx" lat="12.8759106" version="1" visible="true" id="9798754071" changeset="1" timestamp="2026-09-10T17:28:50Z" lon="80.2190199" uid="1" /><node user="OSMnx" lat="12.8761488" version="1" visible="true" id="9798754072" changeset="1" timestamp="2026-09-10T17:28:50Z" lon="80.2190739" uid="1" /><node user="OSMnx" lat="12.8763435" version="1" visible="true" id="9798754073" changeset="1" timestamp="2026-09-10T17:28:50Z" lon="80.2182044" uid="1" /><node user="OSMnx" lat="12.8762742" version="1" visible="true" id="9798754074" changeset="1" timestamp="2026-09-10T17:28:50Z" lon="80.2185137" uid="1" /><node user="OSMnx" lat="12.8760327" version="1" visible="true" id="9798754075" changeset="1" timestamp="2026-09-10T17:28:50Z" lon="80.2184599" uid="1" /><node user="OSMnx" lat="12.8765349" version="1" visible="true" id="9798754076" changeset="1" timestamp="2026-09-10T17:28:50Z" lon="80.2191644" uid="1" /><node user="OSMnx" lat="12.8766935" version="1" visible="true" id="9798754077" changeset="1" timestamp="2026-09-10T17:28:50Z" lon="80.2184446" uid="1" /><node user="OSMnx" lat="12.8769083" version="1" visible="true" id="9798754078" changeset="1" timestamp="2026-09-10T17:28:50Z" lon="80.2192483" uid="1" /><node user="OSMnx" lat="12.877102" version="1" visible="true" id="9798754079" changeset="1" timestamp="2026-09-10T17:28:50Z" lon="80.2183701" uid="1" /><node user="OSMnx" lat="12.8772811" version="1" visible="true" id="9798754080" changeset="1" timestamp="2026-09-10T17:28:50Z" lon="80.219332" uid="1" /><node user="OSMnx" lat="12.8774761" version="1" visible="true" id="9798754081" changeset="1" timestamp="2026-09-10T17:28:50Z" lon="80.2184663" uid="1" /><node user="OSMnx" lat="12.867689" version="1" visible="true" id="9803988073" changeset="1" timestamp="2026-09-10T17:28:50Z" lon="80.218969" uid="1" /><node user="OSMnx" lat="12.8664772" version="1" visible="true" id="9803988123" changeset="1" timestamp="2026-09-10T17:28:50Z" lon="80.2207388" uid="1" /><node user="OSMnx" lat="12.8682863" version="1" visible="true" id="9803988124" changeset="1" timestamp="2026-09-10T17:28:50Z" lon="80.2200041" uid="1" /><node user="OSMnx" lat="12.8680565" version="1" visible="true" id="9803988125" changeset="1" timestamp="2026-09-10T17:28:50Z" lon="80.2210917" uid="1" /><node user="OSMnx" lat="12.8668222" version="1" visible="true" id="9803988126" changeset="1" timestamp="2026-09-10T17:28:50Z" lon="80.2223892" uid="1" /><node user="OSMnx" lat="12.8671375" version="1" visible="true" id="9803988127" changeset="1" timestamp="2026-09-10T17:28:50Z" lon="80.2208878" uid="1" /><node user="OSMnx" lat="12.8677293" version="1" visible="true" id="9803988128" changeset="1" timestamp="2026-09-10T17:28:50Z" lon="80.2225966" uid="1" /><node user="OSMnx" lat="12.8677794" version="1" visible="true" id="9803988129" changeset="1" timestamp="2026-09-10T17:28:50Z" lon="80.2225984" uid="1" /><node user="OSMnx" lat="12.8678277" version="1" visible="true" id="9803988130" changeset="1" timestamp="2026-09-10T17:28:50Z" lon="80.2225824" uid="1" /><node user="OSMnx" lat="12.8678604" version="1" visible="true" id="9803988131" changeset="1" timestamp="2026-09-10T17:28:50Z" lon="80.2225577" uid="1" /><node user="OSMnx" lat="12.8678846" version="1" visible="true" id="9803988132" changeset="1" timestamp="2026-09-10T17:28:50Z" lon="80.2225116" uid="1" /><node user="OSMnx" lat="12.8679053" version="1" visible="true" id="9803988133" changeset="1" timestamp="2026-09-10T17:28:50Z" lon="80.2224232" uid="1" /><node user="OSMnx" lat="12.8681721" version="1" visible="true" id="9803988134" changeset="1" timestamp="2026-09-10T17:28:50Z" lon="80.2211174" uid="1" /><node user="OSMnx" lat="12.8665511" version="1" visible="true" id="9803988135" changeset="1" timestamp="2026-09-10T17:28:50Z" lon="80.2216863" uid="1" /><node user="OSMnx" lat="12.8667382" version="1" visible="true" id="9803988136" changeset="1" timestamp="2026-09-10T17:28:50Z" lon="80.2207984" uid="1" /><node user="OSMnx" lat="12.8672618" version="1" visible="true" id="9803988138" changeset="1" timestamp="2026-09-10T17:28:50Z" lon="80.2209153" uid="1" /><node user="OSMnx" lat="12.8675618" version="1" visible="true" id="9803988140" changeset="1" timestamp="2026-09-10T17:28:50Z" lon="80.2195303" uid="1" /><node user="OSMnx" lat="12.8671314" version="1" visible="true" id="9803988141" changeset="1" timestamp="2026-09-10T17:28:50Z" lon="80.2189546" uid="1" /><node user="OSMnx" lat="12.8669438" version="1" visible="true" id="9803988142" changeset="1" timestamp="2026-09-10T17:28:50Z" lon="80.2198343" uid="1" /><node user="OSMnx" lat="12.8674699" version="1" visible="true" id="9803988143" changeset="1" timestamp="2026-09-10T17:28:50Z" lon="80.2199545" uid="1" /><node user="OSMnx" lat="12.8666816" version="1" visible="true" id="9803988144" changeset="1" timestamp="2026-09-10T17:28:50Z" lon="80.2197761" uid="1" /><node user="OSMnx" lat="12.8727274" version="1" visible="true" id="10302481799" changeset="1" timestamp="2026-09-10T17:28:50Z" lon="80.2265968" uid="1"><tag k="highway" v="traffic_signals" /></node><node user="OSMnx" lat="12.8730563" version="1" visible="true" id="10302481800" changeset="1" timestamp="2026-09-10T17:28:50Z" lon="80.2267202" uid="1"><tag k="highway" v="traffic_signals" /></node><node user="OSMnx" lat="12.8765464" version="1" visible="true" id="10302481801" changeset="1" timestamp="2026-09-10T17:28:50Z" lon="80.2266947" uid="1"><tag k="highway" v="traffic_signals" /></node><node user="OSMnx" lat="12.8763782" version="1" visible="true" id="10302481802" changeset="1" timestamp="2026-09-10T17:28:50Z" lon="80.2268902" uid="1"><tag k="highway" v="traffic_signals" /></node><node user="OSMnx" lat="12.8767207" version="1" visible="true" id="10302481803" changeset="1" timestamp="2026-09-10T17:28:50Z" lon="80.2269967" uid="1"><tag k="highway" v="traffic_signals" /></node><node user="OSMnx" lat="12.8759094" version="1" visible="true" id="11050382567" changeset="1" timestamp="2026-09-10T17:28:50Z" lon="80.227071" uid="1" /><node user="OSMnx" lat="12.8759065" version="1" visible="true" id="11050382569" changeset="1" timestamp="2026-09-10T17:28:50Z" lon="80.2271454" uid="1" /><node user="OSMnx" lat="12.8731559" version="1" visible="true" id="11050393054" changeset="1" timestamp="2026-09-10T17:28:50Z" lon="80.2225914" uid="1" /><node user="OSMnx" lat="12.8718322" version="1" visible="true" id="11050393055" changeset="1" timestamp="2026-09-10T17:28:50Z" lon="80.2272129" uid="1" /><node user="OSMnx" lat="12.8758848" version="1" visible="true" id="11050393883" changeset="1" timestamp="2026-09-10T17:28:50Z" lon="80.2267984" uid="1" /><node user="OSMnx" lat="12.8758957" version="1" visible="true" id="11050393884" changeset="1" timestamp="2026-09-10T17:28:50Z" lon="80.2265676" uid="1" /><node user="OSMnx" lat="12.8759428" version="1" visible="true" id="11050393885" changeset="1" timestamp="2026-09-10T17:28:50Z" lon="80.2265226" uid="1" /><node user="OSMnx" lat="12.8759855" version="1" visible="true" id="11050393886" changeset="1" timestamp="2026-09-10T17:28:50Z" lon="80.2260379" uid="1" /><node user="OSMnx" lat="12.8749404" version="1" visible="true" id="11050393888" changeset="1" timestamp="2026-09-10T17:28:50Z" lon="80.2265928" uid="1" /><node user="OSMnx" lat="12.8757849" version="1" visible="true" id="11050393891" changeset="1" timestamp="2026-09-10T17:28:50Z" lon="80.2265624" uid="1" /><node user="OSMnx" lat="12.8758079" version="1" visible="true" id="11050393892" changeset="1" timestamp="2026-09-10T17:28:50Z" lon="80.2265709" uid="1" /><node user="OSMnx" lat="12.8757966" version="1" visible="true" id="11050393893" changeset="1" timestamp="2026-09-10T17:28:50Z" lon="80.22679" uid="1" /><node user="OSMnx" lat="12.8758902" version="1" visible="true" id="11050393894" changeset="1" timestamp="2026-09-10T17:28:50Z" lon="80.2266679" uid="1" /><node user="OSMnx" lat="12.8758043" version="1" visible="true" id="11050393895" changeset="1" timestamp="2026-09-10T17:28:50Z" lon="80.2266643" uid="1" /><node user="OSMnx" lat="12.8755967" version="1" visible="true" id="11050404526" changeset="1" timestamp="2026-09-10T17:28:50Z" lon="80.2270643" uid="1" /><node user="OSMnx" lat="12.8755941" version="1" visible="true" id="11050404528" changeset="1" timestamp="2026-09-10T17:28:50Z" lon="80.2271128" uid="1" /><node user="OSMnx" lat="12.8794022" version="1" visible="true" id="11050669324" changeset="1" timestamp="2026-09-10T17:28:50Z" lon="80.2269472" uid="1" /><node user="OSMnx" lat="12.8766188" version="1" visible="true" id="11050679818" changeset="1" timestamp="2026-09-10T17:28:50Z" lon="80.224583" uid="1" /><node user="OSMnx" lat="12.8766767" version="1" visible="true" id="11052540732" changeset="1" timestamp="2026-09-10T17:28:50Z" lon="80.2129729" uid="1" /><node user="OSMnx" lat="12.8795968" version="1" visible="true" id="11054080840" changeset="1" timestamp="2026-09-10T17:28:50Z" lon="80.2268646" uid="1" /><node user="OSMnx" lat="12.8795857" version="1" visible="true" id="11054080841" changeset="1" timestamp="2026-09-10T17:28:50Z" lon="80.2270823" uid="1" /><node user="OSMnx" lat="12.879592" version="1" visible="true" id="11054080842" changeset="1" timestamp="2026-09-10T17:28:50Z" lon="80.2269578" uid="1" /><node user="OSMnx" lat="12.8749061" version="1" visible="true" id="11054110469" changeset="1" timestamp="2026-09-10T17:28:50Z" lon="80.2265646" uid="1" /><node user="OSMnx" lat="12.8783984" version="1" visible="true" id="11058076550" changeset="1" timestamp="2026-09-10T17:28:50Z" lon="80.2159625" uid="1" /><node user="OSMnx" lat="12.8704497" version="1" visible="true" id="11061153525" changeset="1" timestamp="2026-09-10T17:28:50Z" lon="80.2176572" uid="1" /><node user="OSMnx" lat="12.8702956" version="1" visible="true" id="11061153526" changeset="1" timestamp="2026-09-10T17:28:50Z" lon="80.2176198" uid="1" /><node user="OSMnx" lat="12.8702092" version="1" visible="true" id="11061153527" changeset="1" timestamp="2026-09-10T17:28:50Z" lon="80.2176156" uid="1" /><node user="OSMnx" lat="12.8702339" version="1" visible="true" id="11061153529" changeset="1" timestamp="2026-09-10T17:28:50Z" lon="80.2174368" uid="1" /><node user="OSMnx" lat="12.8728116" version="1" visible="true" id="11064298899" changeset="1" timestamp="2026-09-10T17:28:50Z" lon="80.226143" uid="1" /><node user="OSMnx" lat="12.8729879" version="1" visible="true" id="11064298900" changeset="1" timestamp="2026-09-10T17:28:50Z" lon="80.2261342" uid="1" /><node user="OSMnx" lat="12.8705424" version="1" visible="true" id="11064298901" changeset="1" timestamp="2026-09-10T17:28:50Z" lon="80.2261629" uid="1" /><node user="OSMnx" lat="12.8755798" version="1" visible="true" id="11133284359" changeset="1" timestamp="2026-09-10T17:28:50Z" lon="80.2266286" uid="1" /><node user="OSMnx" lat="12.8757219" version="1" visible="true" id="11133284360" changeset="1" timestamp="2026-09-10T17:28:50Z" lon="80.2265899" uid="1" /><node user="OSMnx" lat="12.8759501" version="1" visible="true" id="11133284361" changeset="1" timestamp="2026-09-10T17:28:50Z" lon="80.2260195" uid="1" /><node user="OSMnx" lat="12.8759943" version="1" visible="true" id="11133284362" changeset="1" timestamp="2026-09-10T17:28:50Z" lon="80.2260686" uid="1" /><node user="OSMnx" lat="12.8750238" version="1" visible="true" id="11133284363" changeset="1" timestamp="2026-09-10T17:28:50Z" lon="80.2259308" uid="1" /><node user="OSMnx" lat="12.874969" version="1" visible="true" id="11133284364" changeset="1" timestamp="2026-09-10T17:28:50Z" lon="80.2259627" uid="1" /><node user="OSMnx" lat="12.8749886" version="1" visible="true" id="11133284365" changeset="1" timestamp="2026-09-10T17:28:50Z" lon="80.2259345" uid="1" /><node user="OSMnx" lat="12.8749271" version="1" visible="true" id="11133284366" changeset="1" timestamp="2026-09-10T17:28:50Z" lon="80.2263374" uid="1" /><node user="OSMnx" lat="12.8745349" version="1" visible="true" id="11133284367" changeset="1" timestamp="2026-09-10T17:28:50Z" lon="80.2262944" uid="1" /><node user="OSMnx" lat="12.8767169" version="1" visible="true" id="11140321206" changeset="1" timestamp="2026-09-10T17:28:50Z" lon="80.2127676" uid="1" /><node user="OSMnx" lat="12.8785557" version="1" visible="true" id="11142976267" changeset="1" timestamp="2026-09-10T17:28:50Z" lon="80.2270414" uid="1" /><node user="OSMnx" lat="12.8784319" version="1" visible="true" id="11142976268" changeset="1" timestamp="2026-09-10T17:28:50Z" lon="80.2270343" uid="1" /><node user="OSMnx" lat="12.8767906" version="1" visible="true" id="11182703873" changeset="1" timestamp="2026-09-10T17:28:50Z" lon="80.2270699" uid="1" /><node user="OSMnx" lat="12.8771326" version="1" visible="true" id="11182703874" changeset="1" timestamp="2026-09-10T17:28:50Z" lon="80.2267669" uid="1" /><node user="OSMnx" lat="12.8750259" version="1" visible="true" id="11292710422" changeset="1" timestamp="2026-09-10T17:28:50Z" lon="80.2254016" uid="1" /><node user="OSMnx" lat="12.8740991" version="1" visible="true" id="11292710423" changeset="1" timestamp="2026-09-10T17:28:50Z" lon="80.2265286" uid="1" /><node user="OSMnx" lat="12.8703382" version="1" visible="true" id="11292921403" changeset="1" timestamp="2026-09-10T17:28:50Z" lon="80.2260872" uid="1" /><node user="OSMnx" lat="12.8702157" version="1" visible="true" id="11292921404" changeset="1" timestamp="2026-09-10T17:28:50Z" lon="80.2260736" uid="1" /><node user="OSMnx" lat="12.8766944" version="1" visible="true" id="11328597817" changeset="1" timestamp="2026-09-10T17:28:50Z" lon="80.223879" uid="1" /><node user="OSMnx" lat="12.876671" version="1" visible="true" id="11328597818" changeset="1" timestamp="2026-09-10T17:28:50Z" lon="80.2239614" uid="1" /><node user="OSMnx" lat="12.8776528" version="1" visible="true" id="11328689855" changeset="1" timestamp="2026-09-10T17:28:50Z" lon="80.2197091" uid="1" /><node user="OSMnx" lat="12.8667944" version="1" visible="true" id="11431666288" changeset="1" timestamp="2026-09-10T17:28:50Z" lon="80.226749" uid="1" /><node user="OSMnx" lat="12.8678887" version="1" visible="true" id="11431718218" changeset="1" timestamp="2026-09-10T17:28:50Z" lon="80.226582" uid="1" /><node user="OSMnx" lat="12.8687939" version="1" visible="true" id="11431719675" changeset="1" timestamp="2026-09-10T17:28:50Z" lon="80.2265895" uid="1" /><node user="OSMnx" lat="12.877632" version="1" visible="true" id="11590943190" changeset="1" timestamp="2026-09-10T17:28:50Z" lon="80.2197042" uid="1" /><node user="OSMnx" lat="12.86691" version="1" visible="true" id="11655574585" changeset="1" timestamp="2026-09-10T17:28:50Z" lon="80.2263551" uid="1" /><node user="OSMnx" lat="12.8727837" version="1" visible="true" id="11804174233" changeset="1" timestamp="2026-09-10T17:28:50Z" lon="80.2264469" uid="1" /><node user="OSMnx" lat="12.8673575" version="1" visible="true" id="11821379626" changeset="1" timestamp="2026-09-10T17:28:50Z" lon="80.2265731" uid="1" /><node user="OSMnx" lat="12.8673501" version="1" visible="true" id="11821379627" changeset="1" timestamp="2026-09-10T17:28:50Z" lon="80.2266693" uid="1" /><node user="OSMnx" lat="12.8673388" version="1" visible="true" id="11821379628" changeset="1" timestamp="2026-09-10T17:28:50Z" lon="80.2266947" uid="1" /><node user="OSMnx" lat="12.8673242" version="1" visible="true" id="11821379629" changeset="1" timestamp="2026-09-10T17:28:50Z" lon="80.2267144" uid="1" /><node user="OSMnx" lat="12.8673002" version="1" visible="true" id="11821379630" changeset="1" timestamp="2026-09-10T17:28:50Z" lon="80.2267293" uid="1" /><node user="OSMnx" lat="12.8671601" version="1" visible="true" id="11821379631" changeset="1" timestamp="2026-09-10T17:28:50Z" lon="80.2267415" uid="1" /><node user="OSMnx" lat="12.867137" version="1" visible="true" id="11821379632" changeset="1" timestamp="2026-09-10T17:28:50Z" lon="80.2267344" uid="1" /><node user="OSMnx" lat="12.8671238" version="1" visible="true" id="11821379633" changeset="1" timestamp="2026-09-10T17:28:50Z" lon="80.2267167" uid="1" /><node user="OSMnx" lat="12.8670654" version="1" visible="true" id="11821379634" changeset="1" timestamp="2026-09-10T17:28:50Z" lon="80.2266033" uid="1" /><node user="OSMnx" lat="12.8671805" version="1" visible="true" id="11821379635" changeset="1" timestamp="2026-09-10T17:28:50Z" lon="80.2267418" uid="1" /><node user="OSMnx" lat="12.8701919" version="1" visible="true" id="11821422978" changeset="1" timestamp="2026-09-10T17:28:50Z" lon="80.2266965" uid="1" /><node user="OSMnx" lat="12.870177" version="1" visible="true" id="11821422979" changeset="1" timestamp="2026-09-10T17:28:50Z" lon="80.2268107" uid="1" /><node user="OSMnx" lat="12.8703042" version="1" visible="true" id="11821422980" changeset="1" timestamp="2026-09-10T17:28:50Z" lon="80.226825" uid="1" /><node user="OSMnx" lat="12.8703242" version="1" visible="true" id="11821422981" changeset="1" timestamp="2026-09-10T17:28:50Z" lon="80.2268385" uid="1" /><node user="OSMnx" lat="12.8703315" version="1" visible="true" id="11821422982" changeset="1" timestamp="2026-09-10T17:28:50Z" lon="80.2268581" uid="1" /><node user="OSMnx" lat="12.8703001" version="1" visible="true" id="11821422983" changeset="1" timestamp="2026-09-10T17:28:50Z" lon="80.2271416" uid="1" /><node user="OSMnx" lat="12.8702808" version="1" visible="true" id="11821422984" changeset="1" timestamp="2026-09-10T17:28:50Z" lon="80.2271781" uid="1" /><node user="OSMnx" lat="12.8702644" version="1" visible="true" id="11821422985" changeset="1" timestamp="2026-09-10T17:28:50Z" lon="80.2271849" uid="1" /><node user="OSMnx" lat="12.8696643" version="1" visible="true" id="11821422986" changeset="1" timestamp="2026-09-10T17:28:50Z" lon="80.2271459" uid="1" /><node user="OSMnx" lat="12.8702941" version="1" visible="true" id="11821422987" changeset="1" timestamp="2026-09-10T17:28:50Z" lon="80.2271607" uid="1" /><node user="OSMnx" lat="12.86964" version="1" visible="true" id="11821422988" changeset="1" timestamp="2026-09-10T17:28:50Z" lon="80.2271329" uid="1" /><node user="OSMnx" lat="12.869628" version="1" visible="true" id="11821422989" changeset="1" timestamp="2026-09-10T17:28:50Z" lon="80.2271019" uid="1" /><node user="OSMnx" lat="12.8696588" version="1" visible="true" id="11821422990" changeset="1" timestamp="2026-09-10T17:28:50Z" lon="80.2268407" uid="1" /><node user="OSMnx" lat="12.8697089" version="1" visible="true" id="11821422991" changeset="1" timestamp="2026-09-10T17:28:50Z" lon="80.2267943" uid="1" /><node user="OSMnx" lat="12.8697783" version="1" visible="true" id="11821422992" changeset="1" timestamp="2026-09-10T17:28:50Z" lon="80.2267872" uid="1" /><node user="OSMnx" lat="12.8698047" version="1" visible="true" id="11821422993" changeset="1" timestamp="2026-09-10T17:28:50Z" lon="80.2266434" uid="1" /><node user="OSMnx" lat="12.8696808" version="1" visible="true" id="11821422994" changeset="1" timestamp="2026-09-10T17:28:50Z" lon="80.2268097" uid="1" /><node user="OSMnx" lat="12.8700962" version="1" visible="true" id="11821422995" changeset="1" timestamp="2026-09-10T17:28:50Z" lon="80.226807" uid="1" /><node user="OSMnx" lat="12.8700851" version="1" visible="true" id="11821422996" changeset="1" timestamp="2026-09-10T17:28:50Z" lon="80.2268589" uid="1" /><node user="OSMnx" lat="12.8700746" version="1" visible="true" id="11821422997" changeset="1" timestamp="2026-09-10T17:28:50Z" lon="80.2268675" uid="1" /><node user="OSMnx" lat="12.8700597" version="1" visible="true" id="11821422998" changeset="1" timestamp="2026-09-10T17:28:50Z" lon="80.2268736" uid="1" /><node user="OSMnx" lat="12.8699153" version="1" visible="true" id="11821422999" changeset="1" timestamp="2026-09-10T17:28:50Z" lon="80.2268506" uid="1" /><node user="OSMnx" lat="12.8698657" version="1" visible="true" id="11821423000" changeset="1" timestamp="2026-09-10T17:28:50Z" lon="80.2268106" uid="1" /><node user="OSMnx" lat="12.8698782" version="1" visible="true" id="11821423001" changeset="1" timestamp="2026-09-10T17:28:50Z" lon="80.2268225" uid="1" /><node user="OSMnx" lat="12.8698466" version="1" visible="true" id="11821423002" changeset="1" timestamp="2026-09-10T17:28:50Z" lon="80.2268028" uid="1" /><node user="OSMnx" lat="12.8699304" version="1" visible="true" id="11821423003" changeset="1" timestamp="2026-09-10T17:28:50Z" lon="80.2268556" uid="1" /><node user="OSMnx" lat="12.8698968" version="1" visible="true" id="11821423004" changeset="1" timestamp="2026-09-10T17:28:50Z" lon="80.2268383" uid="1" /><node user="OSMnx" lat="12.8701857" version="1" visible="true" id="11821423005" changeset="1" timestamp="2026-09-10T17:28:50Z" lon="80.2267438" uid="1" /><node user="OSMnx" lat="12.8697915" version="1" visible="true" id="11821423006" changeset="1" timestamp="2026-09-10T17:28:50Z" lon="80.2267153" uid="1" /><node user="OSMnx" lat="12.8785557" version="1" visible="true" id="11865788531" changeset="1" timestamp="2026-09-10T17:28:50Z" lon="80.227053" uid="1" /><node user="OSMnx" lat="12.8784316" version="1" visible="true" id="11865788532" changeset="1" timestamp="2026-09-10T17:28:50Z" lon="80.2270478" uid="1" /><node user="OSMnx" lat="12.8765259" version="1" visible="true" id="11865839302" changeset="1" timestamp="2026-09-10T17:28:50Z" lon="80.2250321" uid="1" /><node user="OSMnx" lat="12.8757431" version="1" visible="true" id="11865853082" changeset="1" timestamp="2026-09-10T17:28:50Z" lon="80.2270674" uid="1" /><node user="OSMnx" lat="12.8757409" version="1" visible="true" id="11865853083" changeset="1" timestamp="2026-09-10T17:28:50Z" lon="80.22713" uid="1" /><node user="OSMnx" lat="12.8759054" version="1" visible="true" id="11865853084" changeset="1" timestamp="2026-09-10T17:28:50Z" lon="80.2271742" uid="1" /><node user="OSMnx" lat="12.8757397" version="1" visible="true" id="11865853085" changeset="1" timestamp="2026-09-10T17:28:50Z" lon="80.227168" uid="1" /><node user="OSMnx" lat="12.8745071" version="1" visible="true" id="11865858983" changeset="1" timestamp="2026-09-10T17:28:50Z" lon="80.2262958" uid="1" /><node user="OSMnx" lat="12.8744831" version="1" visible="true" id="11865858984" changeset="1" timestamp="2026-09-10T17:28:50Z" lon="80.226342" uid="1" /><node user="OSMnx" lat="12.874444" version="1" visible="true" id="11865858985" changeset="1" timestamp="2026-09-10T17:28:50Z" lon="80.2265484" uid="1" /><node user="OSMnx" lat="12.8745357" version="1" visible="true" id="11865858986" changeset="1" timestamp="2026-09-10T17:28:50Z" lon="80.2260801" uid="1" /><node user="OSMnx" lat="12.8746978" version="1" visible="true" id="11865858987" changeset="1" timestamp="2026-09-10T17:28:50Z" lon="80.2260878" uid="1" /><node user="OSMnx" lat="12.8747204" version="1" visible="true" id="11865858988" changeset="1" timestamp="2026-09-10T17:28:50Z" lon="80.2254454" uid="1" /><node user="OSMnx" lat="12.8749527" version="1" visible="true" id="11865858989" changeset="1" timestamp="2026-09-10T17:28:50Z" lon="80.2261087" uid="1" /><node user="OSMnx" lat="12.8754932" version="1" visible="true" id="11865875866" changeset="1" timestamp="2026-09-10T17:28:50Z" lon="80.2270588" uid="1" /><node user="OSMnx" lat="12.8754898" version="1" visible="true" id="11865875867" changeset="1" timestamp="2026-09-10T17:28:50Z" lon="80.2271102" uid="1" /><node user="OSMnx" lat="12.8749223" version="1" visible="true" id="11865949340" changeset="1" timestamp="2026-09-10T17:28:50Z" lon="80.2270715" uid="1" /><node user="OSMnx" lat="12.8747475" version="1" visible="true" id="11865949341" changeset="1" timestamp="2026-09-10T17:28:50Z" lon="80.2270426" uid="1" /><node user="OSMnx" lat="12.873803" version="1" visible="true" id="11875756625" changeset="1" timestamp="2026-09-10T17:28:50Z" lon="80.2266055" uid="1" /><node user="OSMnx" lat="12.8738725" version="1" visible="true" id="11875756626" changeset="1" timestamp="2026-09-10T17:28:50Z" lon="80.2260692" uid="1" /><node user="OSMnx" lat="12.8784311" version="1" visible="true" id="11882844629" changeset="1" timestamp="2026-09-10T17:28:50Z" lon="80.2270702" uid="1" /><node user="OSMnx" lat="12.8783407" version="1" visible="true" id="11882844630" changeset="1" timestamp="2026-09-10T17:28:50Z" lon="80.2270584" uid="1" /><node user="OSMnx" lat="12.8749553" version="1" visible="true" id="12041095910" changeset="1" timestamp="2026-09-10T17:28:50Z" lon="80.2230723" uid="1" /><node user="OSMnx" lat="12.8750818" version="1" visible="true" id="12041095911" changeset="1" timestamp="2026-09-10T17:28:50Z" lon="80.2229555" uid="1" /><node user="OSMnx" lat="12.8751358" version="1" visible="true" id="12041095912" changeset="1" timestamp="2026-09-10T17:28:50Z" lon="80.2229461" uid="1" /><node user="OSMnx" lat="12.8751657" version="1" visible="true" id="12041095913" changeset="1" timestamp="2026-09-10T17:28:50Z" lon="80.2229685" uid="1" /><node user="OSMnx" lat="12.8750976" version="1" visible="true" id="12041095914" changeset="1" timestamp="2026-09-10T17:28:50Z" lon="80.2233802" uid="1" /><node user="OSMnx" lat="12.8750064" version="1" visible="true" id="12041095915" changeset="1" timestamp="2026-09-10T17:28:50Z" lon="80.2232296" uid="1" /><node user="OSMnx" lat="12.874971" version="1" visible="true" id="12041095916" changeset="1" timestamp="2026-09-10T17:28:50Z" lon="80.2231384" uid="1" /><node user="OSMnx" lat="12.8749427" version="1" visible="true" id="12041095917" changeset="1" timestamp="2026-09-10T17:28:50Z" lon="80.2230813" uid="1" /><node user="OSMnx" lat="12.8748499" version="1" visible="true" id="12041095918" changeset="1" timestamp="2026-09-10T17:28:50Z" lon="80.2231728" uid="1" /><node user="OSMnx" lat="12.8751162" version="1" visible="true" id="12041095919" changeset="1" timestamp="2026-09-10T17:28:50Z" lon="80.2229495" uid="1" /><node user="OSMnx" lat="12.8751065" version="1" visible="true" id="12041095920" changeset="1" timestamp="2026-09-10T17:28:50Z" lon="80.2228134" uid="1" /><node user="OSMnx" lat="12.8750993" version="1" visible="true" id="12041095921" changeset="1" timestamp="2026-09-10T17:28:50Z" lon="80.2227071" uid="1" /><node user="OSMnx" lat="12.8750656" version="1" visible="true" id="12041095922" changeset="1" timestamp="2026-09-10T17:28:50Z" lon="80.2226083" uid="1" /><node user="OSMnx" lat="12.8749657" version="1" visible="true" id="12041095923" changeset="1" timestamp="2026-09-10T17:28:50Z" lon="80.2225434" uid="1" /><node user="OSMnx" lat="12.8747919" version="1" visible="true" id="12041095924" changeset="1" timestamp="2026-09-10T17:28:50Z" lon="80.2224768" uid="1" /><node user="OSMnx" lat="12.874273" version="1" visible="true" id="12041095925" changeset="1" timestamp="2026-09-10T17:28:50Z" lon="80.2225712" uid="1" /><node user="OSMnx" lat="12.8763111" version="1" visible="true" id="12108780398" changeset="1" timestamp="2026-09-10T17:28:50Z" lon="80.226825" uid="1" /><node user="OSMnx" lat="12.8763783" version="1" visible="true" id="12108780399" changeset="1" timestamp="2026-09-10T17:28:50Z" lon="80.2262561" uid="1" /><node user="OSMnx" lat="12.8782168" version="1" visible="true" id="12108813596" changeset="1" timestamp="2026-09-10T17:28:50Z" lon="80.2267606" uid="1" /><node user="OSMnx" lat="12.8782259" version="1" visible="true" id="12108813597" changeset="1" timestamp="2026-09-10T17:28:50Z" lon="80.226884" uid="1" /><node user="OSMnx" lat="12.8737673" version="1" visible="true" id="12387164801" changeset="1" timestamp="2026-09-10T17:28:50Z" lon="80.2196421" uid="1" /><node user="OSMnx" lat="12.8682309" version="1" visible="true" id="12408902566" changeset="1" timestamp="2026-09-10T17:28:50Z" lon="80.2169348" uid="1" /><node user="OSMnx" lat="12.8681199" version="1" visible="true" id="12413171730" changeset="1" timestamp="2026-09-10T17:28:50Z" lon="80.2152057" uid="1" /><node user="OSMnx" lat="12.8683263" version="1" visible="true" id="12413171731" changeset="1" timestamp="2026-09-10T17:28:50Z" lon="80.2152385" uid="1" /><node user="OSMnx" lat="12.8685662" version="1" visible="true" id="12413171732" changeset="1" timestamp="2026-09-10T17:28:50Z" lon="80.2152852" uid="1" /><node user="OSMnx" lat="12.8687588" version="1" visible="true" id="12413171733" changeset="1" timestamp="2026-09-10T17:28:50Z" lon="80.2153132" uid="1" /><node user="OSMnx" lat="12.8682941" version="1" visible="true" id="12413171734" changeset="1" timestamp="2026-09-10T17:28:50Z" lon="80.2154264" uid="1" /><node user="OSMnx" lat="12.8683229" version="1" visible="true" id="12413171735" changeset="1" timestamp="2026-09-10T17:28:50Z" lon="80.2156165" uid="1" /><node user="OSMnx" lat="12.8686621" version="1" visible="true" id="12413171737" changeset="1" timestamp="2026-09-10T17:28:50Z" lon="80.215592" uid="1" /><node user="OSMnx" lat="12.868634" version="1" visible="true" id="12413171738" changeset="1" timestamp="2026-09-10T17:28:50Z" lon="80.2157792" uid="1" /><node user="OSMnx" lat="12.8687016" version="1" visible="true" id="12413171739" changeset="1" timestamp="2026-09-10T17:28:50Z" lon="80.2158821" uid="1" /><node user="OSMnx" lat="12.8687313" version="1" visible="true" id="12413171740" changeset="1" timestamp="2026-09-10T17:28:50Z" lon="80.2160024" uid="1" /><node user="OSMnx" lat="12.8686678" version="1" visible="true" id="12413171741" changeset="1" timestamp="2026-09-10T17:28:50Z" lon="80.2162381" uid="1" /><node user="OSMnx" lat="12.8684726" version="1" visible="true" id="12413171742" changeset="1" timestamp="2026-09-10T17:28:50Z" lon="80.2163784" uid="1" /><node user="OSMnx" lat="12.8682438" version="1" visible="true" id="12413171743" changeset="1" timestamp="2026-09-10T17:28:50Z" lon="80.216363" uid="1" /><node user="OSMnx" lat="12.8681491" version="1" visible="true" id="12413171744" changeset="1" timestamp="2026-09-10T17:28:50Z" lon="80.2163026" uid="1" /><node user="OSMnx" lat="12.8680775" version="1" visible="true" id="12413171745" changeset="1" timestamp="2026-09-10T17:28:50Z" lon="80.216215" uid="1" /><node user="OSMnx" lat="12.8680362" version="1" visible="true" id="12413171746" changeset="1" timestamp="2026-09-10T17:28:50Z" lon="80.2161087" uid="1" /><node user="OSMnx" lat="12.8680293" version="1" visible="true" id="12413171747" changeset="1" timestamp="2026-09-10T17:28:50Z" lon="80.2159946" uid="1" /><node user="OSMnx" lat="12.8680575" version="1" visible="true" id="12413171748" changeset="1" timestamp="2026-09-10T17:28:50Z" lon="80.215884" uid="1" /><node user="OSMnx" lat="12.8683521" version="1" visible="true" id="12413171750" changeset="1" timestamp="2026-09-10T17:28:50Z" lon="80.2163899" uid="1" /><node user="OSMnx" lat="12.8682944" version="1" visible="true" id="12413171751" changeset="1" timestamp="2026-09-10T17:28:50Z" lon="80.2166318" uid="1" /><node user="OSMnx" lat="12.8685821" version="1" visible="true" id="12413171752" changeset="1" timestamp="2026-09-10T17:28:50Z" lon="80.2163257" uid="1" /><node user="OSMnx" lat="12.8690156" version="1" visible="true" id="12413171755" changeset="1" timestamp="2026-09-10T17:28:50Z" lon="80.2167583" uid="1" /><node user="OSMnx" lat="12.8689501" version="1" visible="true" id="12413171756" changeset="1" timestamp="2026-09-10T17:28:50Z" lon="80.2168261" uid="1" /><node user="OSMnx" lat="12.8688617" version="1" visible="true" id="12413171757" changeset="1" timestamp="2026-09-10T17:28:50Z" lon="80.2171158" uid="1" /><node user="OSMnx" lat="12.868899" version="1" visible="true" id="12413171758" changeset="1" timestamp="2026-09-10T17:28:50Z" lon="80.2172178" uid="1" /><node user="OSMnx" lat="12.86897" version="1" visible="true" id="12413171759" changeset="1" timestamp="2026-09-10T17:28:50Z" lon="80.2172902" uid="1" /><node user="OSMnx" lat="12.8692122" version="1" visible="true" id="12413171760" changeset="1" timestamp="2026-09-10T17:28:50Z" lon="80.2173313" uid="1" /><node user="OSMnx" lat="12.8692999" version="1" visible="true" id="12413171761" changeset="1" timestamp="2026-09-10T17:28:50Z" lon="80.2173142" uid="1" /><node user="OSMnx" lat="12.869406" version="1" visible="true" id="12413171762" changeset="1" timestamp="2026-09-10T17:28:50Z" lon="80.2172878" uid="1" /><node user="OSMnx" lat="12.8694887" version="1" visible="true" id="12413171763" changeset="1" timestamp="2026-09-10T17:28:50Z" lon="80.2172368" uid="1" /><node user="OSMnx" lat="12.869574" version="1" visible="true" id="12413171764" changeset="1" timestamp="2026-09-10T17:28:50Z" lon="80.2171477" uid="1" /><node user="OSMnx" lat="12.8696296" version="1" visible="true" id="12413171765" changeset="1" timestamp="2026-09-10T17:28:50Z" lon="80.2168345" uid="1" /><node user="OSMnx" lat="12.8695942" version="1" visible="true" id="12413171766" changeset="1" timestamp="2026-09-10T17:28:50Z" lon="80.216774" uid="1" /><node user="OSMnx" lat="12.8694921" version="1" visible="true" id="12413171767" changeset="1" timestamp="2026-09-10T17:28:50Z" lon="80.2166935" uid="1" /><node user="OSMnx" lat="12.8694066" version="1" visible="true" id="12413171768" changeset="1" timestamp="2026-09-10T17:28:50Z" lon="80.2166855" uid="1" /><node user="OSMnx" lat="12.869324" version="1" visible="true" id="12413171769" changeset="1" timestamp="2026-09-10T17:28:50Z" lon="80.2166855" uid="1" /><node user="OSMnx" lat="12.8690292" version="1" visible="true" id="12413171770" changeset="1" timestamp="2026-09-10T17:28:50Z" lon="80.2173273" uid="1" /><node user="OSMnx" lat="12.8695264" version="1" visible="true" id="12413171772" changeset="1" timestamp="2026-09-10T17:28:50Z" lon="80.2167196" uid="1" /><node user="OSMnx" lat="12.8696617" version="1" visible="true" id="12413171773" changeset="1" timestamp="2026-09-10T17:28:50Z" lon="80.2169216" uid="1" /><node user="OSMnx" lat="12.8698765" version="1" visible="true" id="12413171774" changeset="1" timestamp="2026-09-10T17:28:50Z" lon="80.2169741" uid="1" /><node user="OSMnx" lat="12.870232" version="1" visible="true" id="12413171775" changeset="1" timestamp="2026-09-10T17:28:50Z" lon="80.217046" uid="1" /><node user="OSMnx" lat="12.8704521" version="1" visible="true" id="12413171776" changeset="1" timestamp="2026-09-10T17:28:50Z" lon="80.2170923" uid="1" /><node user="OSMnx" lat="12.870535" version="1" visible="true" id="12413171777" changeset="1" timestamp="2026-09-10T17:28:50Z" lon="80.2171053" uid="1" /><node user="OSMnx" lat="12.8706187" version="1" visible="true" id="12413171778" changeset="1" timestamp="2026-09-10T17:28:50Z" lon="80.2167256" uid="1" /><node user="OSMnx" lat="12.8708277" version="1" visible="true" id="12413171779" changeset="1" timestamp="2026-09-10T17:28:50Z" lon="80.2157633" uid="1" /><node user="OSMnx" lat="12.871539" version="1" visible="true" id="12413171780" changeset="1" timestamp="2026-09-10T17:28:50Z" lon="80.2159264" uid="1" /><node user="OSMnx" lat="12.8711995" version="1" visible="true" id="12413171781" changeset="1" timestamp="2026-09-10T17:28:50Z" lon="80.2158483" uid="1" /><node user="OSMnx" lat="12.8695461" version="1" visible="true" id="12413171784" changeset="1" timestamp="2026-09-10T17:28:50Z" lon="80.2164595" uid="1" /><node user="OSMnx" lat="12.8691915" version="1" visible="true" id="12413171785" changeset="1" timestamp="2026-09-10T17:28:50Z" lon="80.2163845" uid="1" /><node user="OSMnx" lat="12.8693852" version="1" visible="true" id="12413171786" changeset="1" timestamp="2026-09-10T17:28:50Z" lon="80.2153981" uid="1" /><node user="OSMnx" lat="12.8695995" version="1" visible="true" id="12413171787" changeset="1" timestamp="2026-09-10T17:28:50Z" lon="80.2154156" uid="1" /><node user="OSMnx" lat="12.8696521" version="1" visible="true" id="12413171788" changeset="1" timestamp="2026-09-10T17:28:50Z" lon="80.216482" uid="1" /><node user="OSMnx" lat="12.8698495" version="1" visible="true" id="12413171789" changeset="1" timestamp="2026-09-10T17:28:50Z" lon="80.2155108" uid="1" /><node user="OSMnx" lat="12.8696672" version="1" visible="true" id="12413171790" changeset="1" timestamp="2026-09-10T17:28:50Z" lon="80.2154308" uid="1" /><node user="OSMnx" lat="12.8697925" version="1" visible="true" id="12413171791" changeset="1" timestamp="2026-09-10T17:28:50Z" lon="80.2157914" uid="1" /><node user="OSMnx" lat="12.8707711" version="1" visible="true" id="12413171792" changeset="1" timestamp="2026-09-10T17:28:50Z" lon="80.2160237" uid="1" /><node user="OSMnx" lat="12.8696987" version="1" visible="true" id="12413171793" changeset="1" timestamp="2026-09-10T17:28:50Z" lon="80.2162524" uid="1" /><node user="OSMnx" lat="12.8706725" version="1" visible="true" id="12413171794" changeset="1" timestamp="2026-09-10T17:28:50Z" lon="80.2164779" uid="1" /><node user="OSMnx" lat="12.8699247" version="1" visible="true" id="12413171795" changeset="1" timestamp="2026-09-10T17:28:50Z" lon="80.2155302" uid="1" /><node user="OSMnx" lat="12.8698999" version="1" visible="true" id="12413171796" changeset="1" timestamp="2026-09-10T17:28:50Z" lon="80.2155238" uid="1" /><node user="OSMnx" lat="12.8689078" version="1" visible="true" id="12413171797" changeset="1" timestamp="2026-09-10T17:28:50Z" lon="80.2153392" uid="1" /><node user="OSMnx" lat="12.8691287" version="1" visible="true" id="12413171798" changeset="1" timestamp="2026-09-10T17:28:50Z" lon="80.215369" uid="1" /><node user="OSMnx" lat="12.869221" version="1" visible="true" id="12413171800" changeset="1" timestamp="2026-09-10T17:28:50Z" lon="80.2155621" uid="1" /><node user="OSMnx" lat="12.8693496" version="1" visible="true" id="12413205701" changeset="1" timestamp="2026-09-10T17:28:50Z" lon="80.2155855" uid="1" /><node user="OSMnx" lat="12.8690218" version="1" visible="true" id="12413205703" changeset="1" timestamp="2026-09-10T17:28:50Z" lon="80.2160951" uid="1" /><node user="OSMnx" lat="12.8690074" version="1" visible="true" id="12413205704" changeset="1" timestamp="2026-09-10T17:28:50Z" lon="80.2161638" uid="1" /><node user="OSMnx" lat="12.8692272" version="1" visible="true" id="12413205705" changeset="1" timestamp="2026-09-10T17:28:50Z" lon="80.2162041" uid="1" /><node user="OSMnx" lat="12.8691477" version="1" visible="true" id="12413205708" changeset="1" timestamp="2026-09-10T17:28:50Z" lon="80.2153717" uid="1" /><node user="OSMnx" lat="12.8688436" version="1" visible="true" id="12413205713" changeset="1" timestamp="2026-09-10T17:28:50Z" lon="80.2148605" uid="1" /><node user="OSMnx" lat="12.8685019" version="1" visible="true" id="12413205715" changeset="1" timestamp="2026-09-10T17:28:50Z" lon="80.2152747" uid="1" /><node user="OSMnx" lat="12.8680132" version="1" visible="true" id="12413205717" changeset="1" timestamp="2026-09-10T17:28:50Z" lon="80.2151837" uid="1" /><node user="OSMnx" lat="12.8709429" version="1" visible="true" id="12413205719" changeset="1" timestamp="2026-09-10T17:28:50Z" lon="80.2152327" uid="1" /><node user="OSMnx" lat="12.8689346" version="1" visible="true" id="12413205722" changeset="1" timestamp="2026-09-10T17:28:50Z" lon="80.2176878" uid="1" /><node user="OSMnx" lat="12.8688559" version="1" visible="true" id="12413205723" changeset="1" timestamp="2026-09-10T17:28:50Z" lon="80.217037" uid="1" /><node user="OSMnx" lat="12.8682788" version="1" visible="true" id="12413205725" changeset="1" timestamp="2026-09-10T17:28:50Z" lon="80.2167063" uid="1" /><node user="OSMnx" lat="12.8687196" version="1" visible="true" id="12413205727" changeset="1" timestamp="2026-09-10T17:28:50Z" lon="80.2161259" uid="1" /><node user="OSMnx" lat="12.8699534" version="1" visible="true" id="12413205732" changeset="1" timestamp="2026-09-10T17:28:50Z" lon="80.2155105" uid="1" /><node user="OSMnx" lat="12.8699652" version="1" visible="true" id="12413205733" changeset="1" timestamp="2026-09-10T17:28:50Z" lon="80.2154565" uid="1" /><node user="OSMnx" lat="12.8699803" version="1" visible="true" id="12413205734" changeset="1" timestamp="2026-09-10T17:28:50Z" lon="80.2153627" uid="1" /><node user="OSMnx" lat="12.8699932" version="1" visible="true" id="12413205735" changeset="1" timestamp="2026-09-10T17:28:50Z" lon="80.2152271" uid="1" /><node user="OSMnx" lat="12.8700114" version="1" visible="true" id="12413205736" changeset="1" timestamp="2026-09-10T17:28:50Z" lon="80.2151421" uid="1" /><node user="OSMnx" lat="12.8700566" version="1" visible="true" id="12413205737" changeset="1" timestamp="2026-09-10T17:28:50Z" lon="80.215119" uid="1" /><node user="OSMnx" lat="12.8702415" version="1" visible="true" id="12413205738" changeset="1" timestamp="2026-09-10T17:28:50Z" lon="80.215173" uid="1" /><node user="OSMnx" lat="12.870296" version="1" visible="true" id="12413205739" changeset="1" timestamp="2026-09-10T17:28:50Z" lon="80.2151774" uid="1" /><node user="OSMnx" lat="12.8702905" version="1" visible="true" id="12413205740" changeset="1" timestamp="2026-09-10T17:28:50Z" lon="80.2152163" uid="1" /><node user="OSMnx" lat="12.8712708" version="1" visible="true" id="12432915420" changeset="1" timestamp="2026-09-10T17:28:50Z" lon="80.2156329" uid="1" /><node user="OSMnx" lat="12.8714113" version="1" visible="true" id="12432915421" changeset="1" timestamp="2026-09-10T17:28:50Z" lon="80.2156177" uid="1" /><node user="OSMnx" lat="12.8802014" version="1" visible="true" id="12672818686" changeset="1" timestamp="2026-09-10T17:28:50Z" lon="80.2266708" uid="1" /><node user="OSMnx" lat="12.8802023" version="1" visible="true" id="12672818687" changeset="1" timestamp="2026-09-10T17:28:50Z" lon="80.2267778" uid="1" /><node user="OSMnx" lat="12.8765085" version="1" visible="true" id="12848256505" changeset="1" timestamp="2026-09-10T17:28:50Z" lon="80.2262605" uid="1" /><node user="OSMnx" lat="12.876371" version="1" visible="true" id="12848256506" changeset="1" timestamp="2026-09-10T17:28:50Z" lon="80.2262722" uid="1" /><node user="OSMnx" lat="12.8764003" version="1" visible="true" id="12848256507" changeset="1" timestamp="2026-09-10T17:28:50Z" lon="80.2262528" uid="1" /><node user="OSMnx" lat="12.8699188" version="1" visible="true" id="12852872565" changeset="1" timestamp="2026-09-10T17:28:50Z" lon="80.2264611" uid="1" /><node user="OSMnx" lat="12.869903" version="1" visible="true" id="12852872566" changeset="1" timestamp="2026-09-10T17:28:50Z" lon="80.2265643" uid="1" /><node user="OSMnx" lat="12.8784362" version="1" visible="true" id="12852890028" changeset="1" timestamp="2026-09-10T17:28:50Z" lon="80.2268599" uid="1" /><node user="OSMnx" lat="12.8702892" version="1" visible="true" id="12852890105" changeset="1" timestamp="2026-09-10T17:28:50Z" lon="80.2265045" uid="1" /><node user="OSMnx" lat="12.8789226" version="1" visible="true" id="12852896813" changeset="1" timestamp="2026-09-10T17:28:50Z" lon="80.2267111" uid="1" /><node user="OSMnx" lat="12.8789317" version="1" visible="true" id="12852896814" changeset="1" timestamp="2026-09-10T17:28:50Z" lon="80.2268151" uid="1" /><node user="OSMnx" lat="12.8707782" version="1" visible="true" id="13100239970" changeset="1" timestamp="2026-09-10T17:28:50Z" lon="80.2246857" uid="1" /><node user="OSMnx" lat="12.8708715" version="1" visible="true" id="13100239971" changeset="1" timestamp="2026-09-10T17:28:50Z" lon="80.2239695" uid="1" /><node user="OSMnx" lat="12.8711067" version="1" visible="true" id="13100239974" changeset="1" timestamp="2026-09-10T17:28:50Z" lon="80.2223125" uid="1" /><node user="OSMnx" lat="12.8714355" version="1" visible="true" id="13100239975" changeset="1" timestamp="2026-09-10T17:28:50Z" lon="80.2223999" uid="1" /><node user="OSMnx" lat="12.870708" version="1" visible="true" id="13100239976" changeset="1" timestamp="2026-09-10T17:28:50Z" lon="80.2243266" uid="1" /><node user="OSMnx" lat="12.8798814" version="1" visible="true" id="13179700026" changeset="1" timestamp="2026-09-10T17:28:50Z" lon="80.2165476" uid="1" /><node user="OSMnx" lat="12.8801586" version="1" visible="true" id="13179700027" changeset="1" timestamp="2026-09-10T17:28:50Z" lon="80.2164645" uid="1" /><node user="OSMnx" lat="12.8703818" version="1" visible="true" id="13347532294" changeset="1" timestamp="2026-09-10T17:28:50Z" lon="80.2257209" uid="1" /><node user="OSMnx" lat="12.8702595" version="1" visible="true" id="13347532295" changeset="1" timestamp="2026-09-10T17:28:50Z" lon="80.2257079" uid="1" /><node user="OSMnx" lat="12.8699707" version="1" visible="true" id="13347532296" changeset="1" timestamp="2026-09-10T17:28:50Z" lon="80.2209995" uid="1" /><node user="OSMnx" lat="12.8697978" version="1" visible="true" id="13347532297" changeset="1" timestamp="2026-09-10T17:28:50Z" lon="80.2209572" uid="1" /><node user="OSMnx" lat="12.8701844" version="1" visible="true" id="13347532298" changeset="1" timestamp="2026-09-10T17:28:50Z" lon="80.2176806" uid="1" /><node user="OSMnx" lat="12.8701593" version="1" visible="true" id="13347532299" changeset="1" timestamp="2026-09-10T17:28:50Z" lon="80.2178235" uid="1" /><node user="OSMnx" lat="12.871634" version="1" visible="true" id="13347532300" changeset="1" timestamp="2026-09-10T17:28:50Z" lon="80.2168973" uid="1" /><node user="OSMnx" lat="12.8716547" version="1" visible="true" id="13347547101" changeset="1" timestamp="2026-09-10T17:28:50Z" lon="80.2166731" uid="1" /><node user="OSMnx" lat="12.8716728" version="1" visible="true" id="13347547102" changeset="1" timestamp="2026-09-10T17:28:50Z" lon="80.2164405" uid="1" /><node user="OSMnx" lat="12.8716307" version="1" visible="true" id="13347547103" changeset="1" timestamp="2026-09-10T17:28:50Z" lon="80.2162803" uid="1" /><node user="OSMnx" lat="12.8714985" version="1" visible="true" id="13347547104" changeset="1" timestamp="2026-09-10T17:28:50Z" lon="80.2161262" uid="1" /><node user="OSMnx" lat="12.8711802" version="1" visible="true" id="13347547105" changeset="1" timestamp="2026-09-10T17:28:50Z" lon="80.21608" uid="1" /><node user="OSMnx" lat="12.8719851" version="1" visible="true" id="13347547106" changeset="1" timestamp="2026-09-10T17:28:50Z" lon="80.2160122" uid="1" /><node user="OSMnx" lat="12.8712252" version="1" visible="true" id="13347547107" changeset="1" timestamp="2026-09-10T17:28:50Z" lon="80.2156983" uid="1" /><node user="OSMnx" lat="12.8712002" version="1" visible="true" id="13347547108" changeset="1" timestamp="2026-09-10T17:28:50Z" lon="80.2157833" uid="1" /><node user="OSMnx" lat="12.8714559" version="1" visible="true" id="13347547109" changeset="1" timestamp="2026-09-10T17:28:50Z" lon="80.2156262" uid="1" /><node user="OSMnx" lat="12.871525" version="1" visible="true" id="13347547110" changeset="1" timestamp="2026-09-10T17:28:50Z" lon="80.2156478" uid="1" /><node user="OSMnx" lat="12.871564" version="1" visible="true" id="13347547111" changeset="1" timestamp="2026-09-10T17:28:50Z" lon="80.2157032" uid="1" /><node user="OSMnx" lat="12.871573" version="1" visible="true" id="13347547112" changeset="1" timestamp="2026-09-10T17:28:50Z" lon="80.2157479" uid="1" /><node user="OSMnx" lat="12.8715767" version="1" visible="true" id="13347547113" changeset="1" timestamp="2026-09-10T17:28:50Z" lon="80.215802" uid="1" /><node user="OSMnx" lat="12.871335" version="1" visible="true" id="13347547114" changeset="1" timestamp="2026-09-10T17:28:50Z" lon="80.2156107" uid="1" /><node user="OSMnx" lat="12.8714555" version="1" visible="true" id="13347547115" changeset="1" timestamp="2026-09-10T17:28:50Z" lon="80.2153129" uid="1" /><node user="OSMnx" lat="12.8705443" version="1" visible="true" id="13347547116" changeset="1" timestamp="2026-09-10T17:28:50Z" lon="80.2151316" uid="1" /><node user="OSMnx" lat="12.8705233" version="1" visible="true" id="13347547117" changeset="1" timestamp="2026-09-10T17:28:50Z" lon="80.2151008" uid="1" /><node user="OSMnx" lat="12.8704752" version="1" visible="true" id="13347547118" changeset="1" timestamp="2026-09-10T17:28:50Z" lon="80.215033" uid="1" /><node user="OSMnx" lat="12.8703761" version="1" visible="true" id="13347547119" changeset="1" timestamp="2026-09-10T17:28:50Z" lon="80.2149529" uid="1" /><node user="OSMnx" lat="12.8700968" version="1" visible="true" id="13347547120" changeset="1" timestamp="2026-09-10T17:28:50Z" lon="80.214842" uid="1" /><node user="OSMnx" lat="12.8699466" version="1" visible="true" id="13347547121" changeset="1" timestamp="2026-09-10T17:28:50Z" lon="80.2147773" uid="1" /><node user="OSMnx" lat="12.8698204" version="1" visible="true" id="13347547122" changeset="1" timestamp="2026-09-10T17:28:50Z" lon="80.2147403" uid="1" /><node user="OSMnx" lat="12.8696192" version="1" visible="true" id="13347547123" changeset="1" timestamp="2026-09-10T17:28:50Z" lon="80.2147095" uid="1" /><node user="OSMnx" lat="12.869427" version="1" visible="true" id="13347547124" changeset="1" timestamp="2026-09-10T17:28:50Z" lon="80.214688" uid="1" /><node user="OSMnx" lat="12.8696155" version="1" visible="true" id="13347547125" changeset="1" timestamp="2026-09-10T17:28:50Z" lon="80.2153018" uid="1" /><node user="OSMnx" lat="12.8696475" version="1" visible="true" id="13347547126" changeset="1" timestamp="2026-09-10T17:28:50Z" lon="80.2151773" uid="1" /><node user="OSMnx" lat="12.8696959" version="1" visible="true" id="13347547127" changeset="1" timestamp="2026-09-10T17:28:50Z" lon="80.2153146" uid="1" /><node user="OSMnx" lat="12.8696803" version="1" visible="true" id="13347547128" changeset="1" timestamp="2026-09-10T17:28:50Z" lon="80.2151347" uid="1" /><node user="OSMnx" lat="12.8697223" version="1" visible="true" id="13347547129" changeset="1" timestamp="2026-09-10T17:28:50Z" lon="80.2151455" uid="1" /><node user="OSMnx" lat="12.8697238" version="1" visible="true" id="13347547130" changeset="1" timestamp="2026-09-10T17:28:50Z" lon="80.2151948" uid="1" /><node user="OSMnx" lat="12.8696874" version="1" visible="true" id="13347547131" changeset="1" timestamp="2026-09-10T17:28:50Z" lon="80.2153487" uid="1" /><node user="OSMnx" lat="12.8697069" version="1" visible="true" id="13347547132" changeset="1" timestamp="2026-09-10T17:28:50Z" lon="80.2151251" uid="1" /><node user="OSMnx" lat="12.8688913" version="1" visible="true" id="13347547133" changeset="1" timestamp="2026-09-10T17:28:50Z" lon="80.2169195" uid="1" /><node user="OSMnx" lat="12.869636" version="1" visible="true" id="13347547134" changeset="1" timestamp="2026-09-10T17:28:50Z" lon="80.2170426" uid="1" /><node user="OSMnx" lat="12.8692364" version="1" visible="true" id="13347547135" changeset="1" timestamp="2026-09-10T17:28:50Z" lon="80.2166832" uid="1" /><node user="OSMnx" lat="12.8691204" version="1" visible="true" id="13347547136" changeset="1" timestamp="2026-09-10T17:28:50Z" lon="80.2167102" uid="1" /><node user="OSMnx" lat="12.8690643" version="1" visible="true" id="13347547137" changeset="1" timestamp="2026-09-10T17:28:50Z" lon="80.2171451" uid="1" /><node user="OSMnx" lat="12.8685365" version="1" visible="true" id="13347547138" changeset="1" timestamp="2026-09-10T17:28:50Z" lon="80.2157058" uid="1" /><node user="OSMnx" lat="12.868118" version="1" visible="true" id="13347547139" changeset="1" timestamp="2026-09-10T17:28:50Z" lon="80.2157879" uid="1" /><node user="OSMnx" lat="12.8682048" version="1" visible="true" id="13347547140" changeset="1" timestamp="2026-09-10T17:28:50Z" lon="80.2157161" uid="1" /><node user="OSMnx" lat="12.8683091" version="1" visible="true" id="13347547141" changeset="1" timestamp="2026-09-10T17:28:50Z" lon="80.2156756" uid="1" /><node user="OSMnx" lat="12.8687116" version="1" visible="true" id="13347547142" changeset="1" timestamp="2026-09-10T17:28:50Z" lon="80.2154795" uid="1" /><node user="OSMnx" lat="12.8686243" version="1" visible="true" id="13347547143" changeset="1" timestamp="2026-09-10T17:28:50Z" lon="80.2156629" uid="1" /><node user="OSMnx" lat="12.8682917" version="1" visible="true" id="13347547144" changeset="1" timestamp="2026-09-10T17:28:50Z" lon="80.2155276" uid="1" /><node user="OSMnx" lat="12.8691303" version="1" visible="true" id="13347547145" changeset="1" timestamp="2026-09-10T17:28:50Z" lon="80.215538" uid="1" /><node user="OSMnx" lat="12.8690435" version="1" visible="true" id="13347547146" changeset="1" timestamp="2026-09-10T17:28:50Z" lon="80.2159695" uid="1" /><node user="OSMnx" lat="12.8689642" version="1" visible="true" id="13347547147" changeset="1" timestamp="2026-09-10T17:28:50Z" lon="80.216398" uid="1" /><node user="OSMnx" lat="12.8691263" version="1" visible="true" id="13347547148" changeset="1" timestamp="2026-09-10T17:28:50Z" lon="80.2134975" uid="1" /><node user="OSMnx" lat="12.8665033" version="1" visible="true" id="13347547149" changeset="1" timestamp="2026-09-10T17:28:50Z" lon="80.2129449" uid="1" /><node user="OSMnx" lat="12.8674551" version="1" visible="true" id="13347547150" changeset="1" timestamp="2026-09-10T17:28:50Z" lon="80.2165025" uid="1" /><node user="OSMnx" lat="12.8666964" version="1" visible="true" id="13347547151" changeset="1" timestamp="2026-09-10T17:28:50Z" lon="80.2163459" uid="1" /><node user="OSMnx" lat="12.8714759" version="1" visible="true" id="13347547152" changeset="1" timestamp="2026-09-10T17:28:50Z" lon="80.2152987" uid="1" /><node user="OSMnx" lat="12.871488" version="1" visible="true" id="13347547153" changeset="1" timestamp="2026-09-10T17:28:50Z" lon="80.2152209" uid="1" /><node user="OSMnx" lat="12.8707203" version="1" visible="true" id="13347547154" changeset="1" timestamp="2026-09-10T17:28:50Z" lon="80.2162575" uid="1" /><node user="OSMnx" lat="12.8698844" version="1" visible="true" id="13347547155" changeset="1" timestamp="2026-09-10T17:28:50Z" lon="80.2160598" uid="1" /><node user="OSMnx" lat="12.8711196" version="1" visible="true" id="13347547156" changeset="1" timestamp="2026-09-10T17:28:50Z" lon="80.2173462" uid="1" /><node user="OSMnx" lat="12.8711196" version="1" visible="true" id="13347547157" changeset="1" timestamp="2026-09-10T17:28:50Z" lon="80.2172491" uid="1" /><node user="OSMnx" lat="12.8711466" version="1" visible="true" id="13347547158" changeset="1" timestamp="2026-09-10T17:28:50Z" lon="80.2170442" uid="1" /><node user="OSMnx" lat="12.8711842" version="1" visible="true" id="13347547159" changeset="1" timestamp="2026-09-10T17:28:50Z" lon="80.2170011" uid="1" /><node user="OSMnx" lat="12.8712983" version="1" visible="true" id="13347547160" changeset="1" timestamp="2026-09-10T17:28:50Z" lon="80.2169903" uid="1" /><node user="OSMnx" lat="12.8714065" version="1" visible="true" id="13347547161" changeset="1" timestamp="2026-09-10T17:28:50Z" lon="80.2169964" uid="1" /><node user="OSMnx" lat="12.8715056" version="1" visible="true" id="13347547162" changeset="1" timestamp="2026-09-10T17:28:50Z" lon="80.2170057" uid="1" /><node user="OSMnx" lat="12.8715795" version="1" visible="true" id="13347547163" changeset="1" timestamp="2026-09-10T17:28:50Z" lon="80.2170197" uid="1" /><node user="OSMnx" lat="12.8712781" version="1" visible="true" id="13347547164" changeset="1" timestamp="2026-09-10T17:28:50Z" lon="80.2172973" uid="1" /><node user="OSMnx" lat="12.8711665" version="1" visible="true" id="13347547165" changeset="1" timestamp="2026-09-10T17:28:50Z" lon="80.2165896" uid="1" /><node user="OSMnx" lat="12.8687795" version="1" visible="true" id="13347547166" changeset="1" timestamp="2026-09-10T17:28:50Z" lon="80.2177435" uid="1" /><node user="OSMnx" lat="12.868443" version="1" visible="true" id="13347547167" changeset="1" timestamp="2026-09-10T17:28:50Z" lon="80.2176542" uid="1" /><node user="OSMnx" lat="12.867963" version="1" visible="true" id="13347547168" changeset="1" timestamp="2026-09-10T17:28:50Z" lon="80.2175603" uid="1" /><node user="OSMnx" lat="12.8687814" version="1" visible="true" id="13347547170" changeset="1" timestamp="2026-09-10T17:28:50Z" lon="80.2178212" uid="1" /><node user="OSMnx" lat="12.8694628" version="1" visible="true" id="13347547171" changeset="1" timestamp="2026-09-10T17:28:50Z" lon="80.2178977" uid="1" /><node user="OSMnx" lat="12.8692149" version="1" visible="true" id="13347547172" changeset="1" timestamp="2026-09-10T17:28:50Z" lon="80.2192444" uid="1" /><node user="OSMnx" lat="12.8699294" version="1" visible="true" id="13347547173" changeset="1" timestamp="2026-09-10T17:28:50Z" lon="80.2193928" uid="1" /><node user="OSMnx" lat="12.8685289" version="1" visible="true" id="13347547174" changeset="1" timestamp="2026-09-10T17:28:50Z" lon="80.219119" uid="1" /><node user="OSMnx" lat="12.8685781" version="1" visible="true" id="13347547175" changeset="1" timestamp="2026-09-10T17:28:50Z" lon="80.2188674" uid="1" /><node user="OSMnx" lat="12.8672296" version="1" visible="true" id="13347547176" changeset="1" timestamp="2026-09-10T17:28:50Z" lon="80.2175333" uid="1" /><node user="OSMnx" lat="12.8672159" version="1" visible="true" id="13347547177" changeset="1" timestamp="2026-09-10T17:28:50Z" lon="80.2176034" uid="1" /><node user="OSMnx" lat="12.8672373" version="1" visible="true" id="13347547178" changeset="1" timestamp="2026-09-10T17:28:50Z" lon="80.2176335" uid="1" /><node user="OSMnx" lat="12.8672791" version="1" visible="true" id="13347547179" changeset="1" timestamp="2026-09-10T17:28:50Z" lon="80.2176469" uid="1" /><node user="OSMnx" lat="12.8663166" version="1" visible="true" id="13347580771" changeset="1" timestamp="2026-09-10T17:28:50Z" lon="80.2217427" uid="1" /><node user="OSMnx" lat="12.8682711" version="1" visible="true" id="13347580773" changeset="1" timestamp="2026-09-10T17:28:50Z" lon="80.2211392" uid="1" /><node user="OSMnx" lat="12.8684103" version="1" visible="true" id="13347580774" changeset="1" timestamp="2026-09-10T17:28:50Z" lon="80.2204453" uid="1" /><node user="OSMnx" lat="12.8695273" version="1" visible="true" id="13347580775" changeset="1" timestamp="2026-09-10T17:28:50Z" lon="80.2214158" uid="1" /><node user="OSMnx" lat="12.8783073" version="1" visible="true" id="13352865756" changeset="1" timestamp="2026-09-10T17:28:50Z" lon="80.2173336" uid="1" /><node user="OSMnx" lat="12.8786465" version="1" visible="true" id="13352865757" changeset="1" timestamp="2026-09-10T17:28:50Z" lon="80.2173642" uid="1" /><node user="OSMnx" lat="12.8789189" version="1" visible="true" id="13352865758" changeset="1" timestamp="2026-09-10T17:28:50Z" lon="80.2173792" uid="1" /><node user="OSMnx" lat="12.8795749" version="1" visible="true" id="13352865759" changeset="1" timestamp="2026-09-10T17:28:50Z" lon="80.2174114" uid="1" /><node user="OSMnx" lat="12.8799662" version="1" visible="true" id="13352865760" changeset="1" timestamp="2026-09-10T17:28:50Z" lon="80.2174331" uid="1" /><node user="OSMnx" lat="12.8804395" version="1" visible="true" id="13352865761" changeset="1" timestamp="2026-09-10T17:28:50Z" lon="80.2174666" uid="1" /><node user="OSMnx" lat="12.8806753" version="1" visible="true" id="13352865762" changeset="1" timestamp="2026-09-10T17:28:50Z" lon="80.2174823" uid="1" /><node user="OSMnx" lat="12.8786478" version="1" visible="true" id="13352865786" changeset="1" timestamp="2026-09-10T17:28:50Z" lon="80.2172948" uid="1" /><node user="OSMnx" lat="12.8786393" version="1" visible="true" id="13352865787" changeset="1" timestamp="2026-09-10T17:28:50Z" lon="80.2172695" uid="1" /><node user="OSMnx" lat="12.87862" version="1" visible="true" id="13352865788" changeset="1" timestamp="2026-09-10T17:28:50Z" lon="80.2172536" uid="1" /><node user="OSMnx" lat="12.8784905" version="1" visible="true" id="13352865789" changeset="1" timestamp="2026-09-10T17:28:50Z" lon="80.2172425" uid="1" /><node user="OSMnx" lat="12.8783257" version="1" visible="true" id="13352865790" changeset="1" timestamp="2026-09-10T17:28:50Z" lon="80.2172352" uid="1" /><node user="OSMnx" lat="12.8785879" version="1" visible="true" id="13352865791" changeset="1" timestamp="2026-09-10T17:28:50Z" lon="80.2172475" uid="1" /><node user="OSMnx" lat="12.8784445" version="1" visible="true" id="13352865792" changeset="1" timestamp="2026-09-10T17:28:50Z" lon="80.2172413" uid="1" /><node user="OSMnx" lat="12.87844" version="1" visible="true" id="13352865793" changeset="1" timestamp="2026-09-10T17:28:50Z" lon="80.2173396" uid="1" /><node user="OSMnx" lat="12.8799593" version="1" visible="true" id="13352865794" changeset="1" timestamp="2026-09-10T17:28:50Z" lon="80.2175857" uid="1" /><node user="OSMnx" lat="12.8799282" version="1" visible="true" id="13352865795" changeset="1" timestamp="2026-09-10T17:28:50Z" lon="80.2178671" uid="1" /><node user="OSMnx" lat="12.8798869" version="1" visible="true" id="13352865796" changeset="1" timestamp="2026-09-10T17:28:50Z" lon="80.217906" uid="1" /><node user="OSMnx" lat="12.8798448" version="1" visible="true" id="13352865797" changeset="1" timestamp="2026-09-10T17:28:50Z" lon="80.2179091" uid="1" /><node user="OSMnx" lat="12.8789594" version="1" visible="true" id="13352865798" changeset="1" timestamp="2026-09-10T17:28:50Z" lon="80.2178449" uid="1" /><node user="OSMnx" lat="12.8788833" version="1" visible="true" id="13352865799" changeset="1" timestamp="2026-09-10T17:28:50Z" lon="80.2178328" uid="1" /><node user="OSMnx" lat="12.8787936" version="1" visible="true" id="13352865800" changeset="1" timestamp="2026-09-10T17:28:50Z" lon="80.2178305" uid="1" /><node user="OSMnx" lat="12.8783895" version="1" visible="true" id="13352925701" changeset="1" timestamp="2026-09-10T17:28:50Z" lon="80.2178132" uid="1" /><node user="OSMnx" lat="12.8783412" version="1" visible="true" id="13352925702" changeset="1" timestamp="2026-09-10T17:28:50Z" lon="80.217824" uid="1" /><node user="OSMnx" lat="12.8783204" version="1" visible="true" id="13352925703" changeset="1" timestamp="2026-09-10T17:28:50Z" lon="80.2178549" uid="1" /><node user="OSMnx" lat="12.878325" version="1" visible="true" id="13352925704" changeset="1" timestamp="2026-09-10T17:28:50Z" lon="80.2179611" uid="1" /><node user="OSMnx" lat="12.8783055" version="1" visible="true" id="13352925705" changeset="1" timestamp="2026-09-10T17:28:50Z" lon="80.2180082" uid="1" /><node user="OSMnx" lat="12.8782679" version="1" visible="true" id="13352925706" changeset="1" timestamp="2026-09-10T17:28:50Z" lon="80.218067" uid="1" /><node user="OSMnx" lat="12.8782479" version="1" visible="true" id="13352925707" changeset="1" timestamp="2026-09-10T17:28:50Z" lon="80.2181606" uid="1" /><node user="OSMnx" lat="12.8790194" version="1" visible="true" id="13352925708" changeset="1" timestamp="2026-09-10T17:28:50Z" lon="80.217878" uid="1" /><node user="OSMnx" lat="12.8787976" version="1" visible="true" id="13352925709" changeset="1" timestamp="2026-09-10T17:28:50Z" lon="80.2175764" uid="1" /><node user="OSMnx" lat="12.8786219" version="1" visible="true" id="13352925710" changeset="1" timestamp="2026-09-10T17:28:50Z" lon="80.2173455" uid="1" /><node user="OSMnx" lat="12.8786205" version="1" visible="true" id="13352925711" changeset="1" timestamp="2026-09-10T17:28:50Z" lon="80.2173812" uid="1" /><node user="OSMnx" lat="12.8784471" version="1" visible="true" id="13352925712" changeset="1" timestamp="2026-09-10T17:28:50Z" lon="80.217379" uid="1" /><node user="OSMnx" lat="12.8782972" version="1" visible="true" id="13352925713" changeset="1" timestamp="2026-09-10T17:28:50Z" lon="80.2173778" uid="1" /><node user="OSMnx" lat="12.8730028" version="1" visible="true" id="13386090779" changeset="1" timestamp="2026-09-10T17:28:50Z" lon="80.2259815" uid="1" /><node user="OSMnx" lat="12.8728284" version="1" visible="true" id="13386090780" changeset="1" timestamp="2026-09-10T17:28:50Z" lon="80.2259695" uid="1" /><node user="OSMnx" lat="12.8708231" version="1" visible="true" id="13386090781" changeset="1" timestamp="2026-09-10T17:28:50Z" lon="80.2243446" uid="1" /><node user="OSMnx" lat="12.8710198" version="1" visible="true" id="13386090782" changeset="1" timestamp="2026-09-10T17:28:50Z" lon="80.2250571" uid="1" /><node user="OSMnx" lat="12.8766045" version="1" visible="true" id="13417503058" changeset="1" timestamp="2026-09-10T17:28:50Z" lon="80.2252605" uid="1" /><node user="OSMnx" lat="12.8765161" version="1" visible="true" id="13417503059" changeset="1" timestamp="2026-09-10T17:28:50Z" lon="80.2252519" uid="1" /><node user="OSMnx" lat="12.8765025" version="1" visible="true" id="13417503060" changeset="1" timestamp="2026-09-10T17:28:50Z" lon="80.225249" uid="1" /><node user="OSMnx" lat="12.8764905" version="1" visible="true" id="13417503061" changeset="1" timestamp="2026-09-10T17:28:50Z" lon="80.2252367" uid="1" /><node user="OSMnx" lat="12.8764989" version="1" visible="true" id="13417503062" changeset="1" timestamp="2026-09-10T17:28:50Z" lon="80.2251715" uid="1" /><node user="OSMnx" lat="12.8765121" version="1" visible="true" id="13417503063" changeset="1" timestamp="2026-09-10T17:28:50Z" lon="80.2251631" uid="1" /><node user="OSMnx" lat="12.8765292" version="1" visible="true" id="13417503064" changeset="1" timestamp="2026-09-10T17:28:50Z" lon="80.2251631" uid="1" /><node user="OSMnx" lat="12.8766134" version="1" visible="true" id="13417503065" changeset="1" timestamp="2026-09-10T17:28:50Z" lon="80.2251683" uid="1" /><node user="OSMnx" lat="12.8727071" version="1" visible="true" id="13919884003" changeset="1" timestamp="2026-09-10T17:28:50Z" lon="80.226811" uid="1" /><node user="OSMnx" lat="12.8727141" version="1" visible="true" id="13919884004" changeset="1" timestamp="2026-09-10T17:28:50Z" lon="80.2272289" uid="1" /><node user="OSMnx" lat="12.8729176" version="1" visible="true" id="13919884005" changeset="1" timestamp="2026-09-10T17:28:50Z" lon="80.2272395" uid="1" /><node user="OSMnx" lat="12.8729107" version="1" visible="true" id="13919884006" changeset="1" timestamp="2026-09-10T17:28:50Z" lon="80.2268146" uid="1" /><node user="OSMnx" lat="12.8727077" version="1" visible="true" id="13919884007" changeset="1" timestamp="2026-09-10T17:28:50Z" lon="80.2268502" uid="1" /><node user="OSMnx" lat="12.8729113" version="1" visible="true" id="13919884008" changeset="1" timestamp="2026-09-10T17:28:50Z" lon="80.2268502" uid="1" /><node user="OSMnx" lat="12.8702813" version="1" visible="true" id="13919884009" changeset="1" timestamp="2026-09-10T17:28:50Z" lon="80.2266043" uid="1" /><node user="OSMnx" lat="12.876321" version="1" visible="true" id="14014115361" changeset="1" timestamp="2026-09-10T17:28:50Z" lon="80.2267636" uid="1" /><node user="OSMnx" lat="12.8764434" version="1" visible="true" id="14014115362" changeset="1" timestamp="2026-09-10T17:28:50Z" lon="80.2262559" uid="1" /><node user="OSMnx" lat="12.8762148" version="1" visible="true" id="14014115363" changeset="1" timestamp="2026-09-10T17:28:50Z" lon="80.2262359" uid="1" /><node user="OSMnx" lat="12.8763247" version="1" visible="true" id="14014115364" changeset="1" timestamp="2026-09-10T17:28:50Z" lon="80.2267269" uid="1" /><node user="OSMnx" lat="12.8760526" version="1" visible="true" id="14014115365" changeset="1" timestamp="2026-09-10T17:28:50Z" lon="80.2267183" uid="1" /><node user="OSMnx" lat="12.8705143" version="1" visible="true" id="14049135037" changeset="1" timestamp="2026-09-10T17:28:50Z" lon="80.2181891" uid="1" /><node user="OSMnx" lat="12.8706129" version="1" visible="true" id="14049135038" changeset="1" timestamp="2026-09-10T17:28:50Z" lon="80.2182332" uid="1" /><node user="OSMnx" lat="12.870699" version="1" visible="true" id="14049135039" changeset="1" timestamp="2026-09-10T17:28:50Z" lon="80.2178211" uid="1" /><node user="OSMnx" lat="12.8704408" version="1" visible="true" id="14049135040" changeset="1" timestamp="2026-09-10T17:28:50Z" lon="80.2189765" uid="1" /><node user="OSMnx" lat="12.8704543" version="1" visible="true" id="14049135041" changeset="1" timestamp="2026-09-10T17:28:50Z" lon="80.2176203" uid="1" /><way changeset="1" user="OSMnx" timestamp="2026-09-10T17:28:50Z" version="1" visible="true" uid="1" id="28121592"><nd ref="6758953958" /><nd ref="9798754057" /><nd ref="308893211" /><nd ref="9798754009" /><nd ref="7768923097" /><nd ref="9798754015" /><nd ref="7768923099" /><nd ref="6768830229" /><nd ref="9798754065" /><nd ref="9798754012" /><nd ref="6768830227" /><nd ref="9798754011" /><nd ref="9798753914" /><nd ref="9798753913" /><nd ref="9798753912" /><nd ref="9798753924" /><nd ref="9798753931" /><nd ref="9798753921" /><nd ref="9798753911" /><tag k="highway" v="tertiary" /><tag k="oneway" v="yes" /><tag k="name" v="Nookampalayam Link Road" /></way><way changeset="1" user="OSMnx" timestamp="2026-09-10T17:28:50Z" version="1" visible="true" uid="1" id="34618653"><nd ref="6542202063" /><nd ref="11292921404" /><nd ref="13347532295" /><nd ref="7775090483" /><nd ref="7775090484" /><nd ref="7775091585" /><nd ref="7775091586" /><nd ref="402299100" /><nd ref="7775091587" /><nd ref="7775091588" /><nd ref="7775091589" /><nd ref="7775091590" /><nd ref="7775091591" /><nd ref="7775091592" /><nd ref="7775091593" /><nd ref="402299101" /><nd ref="3876925023" /><nd ref="7779772235" /><nd ref="13347532297" /><nd ref="4988601956" /><nd ref="7779813423" /><nd ref="4988601957" /><nd ref="7779772240" /><nd ref="11061153525" /><nd ref="14049135041" /><nd ref="402299102" /><tag k="highway" v="service" /><tag k="oneway" v="yes" /><tag k="access" v="private" /></way><way changeset="1" user="OSMnx" timestamp="2026-09-10T17:28:50Z" version="1" visible="true" uid="1" id="95669980"><nd ref="9798617643" /><nd ref="1711254909" /><nd ref="1711254916" /><nd ref="12108813596" /><nd ref="273459883" /><nd ref="12852896813" /><nd ref="1711254911" /><nd ref="12672818686" /><nd ref="1711254899" /><tag k="highway" v="primary" /><tag k="oneway" v="yes" /><tag k="lanes" v="2" /><tag k="name" v="Rajiv Gandhi Salai" /><tag k="ref" v="SH49A" /></way><way changeset="1" user="OSMnx" timestamp="2026-09-10T17:28:50Z" version="1" visible="true" uid="1" id="119288445"><nd ref="7775112287" /><nd ref="1340839021" /><nd ref="1340839020" /><nd ref="1340839032" /><nd ref="1340839025" /><nd ref="1340839026" /><nd ref="11328597817" /><nd ref="308893210" /><tag k="highway" v="service" /><tag k="oneway" v="yes" /><tag k="name" v="GeoFiny Technologies Pvt ltd" /><tag k="access" v="private" /></way><way changeset="1" user="OSMnx" timestamp="2026-09-10T17:28:50Z" version="1" visible="true" uid="1" id="184109535"><nd ref="9798617641" /><nd ref="6770986673" /><nd ref="1945613027" /><nd ref="2190812969" /><nd ref="1945612963" /><nd ref="1945613022" /><nd ref="10302481800" /><nd ref="7775112365" /><nd ref="7775112322" /><nd ref="1945613025" /><nd ref="13919884009" /><nd ref="1945613092" /><nd ref="12852872566" /><nd ref="2190812915" /><nd ref="1945612959" /><nd ref="1945613047" /><nd ref="6776235741" /><tag k="highway" v="primary" /><tag k="oneway" v="yes" /><tag k="lanes" v="2" /><tag k="name" v="Rajiv Gandhi Salai" /><tag k="ref" v="SH49A" /></way><way changeset="1" user="OSMnx" timestamp="2026-09-10T17:28:50Z" version="1" visible="true" uid="1" id="184110250"><nd ref="11182703873" /><nd ref="1945628360" /><nd ref="1945628359" /><nd ref="1945628357" /><nd ref="1945628355" /><nd ref="11182703874" /><tag k="highway" v="steps" /><tag k="oneway" v="no" /><tag k="bridge" v="yes" /></way><way changeset="1" user="OSMnx" timestamp="2026-09-10T17:28:50Z" version="1" visible="true" uid="1" id="208824172"><nd ref="2211262610" /><nd ref="2190812927" /><nd ref="11050393055" /><tag k="highway" v="residential" /><tag k="oneway" v="no" /><tag k="name" v="Gandhi Street" /></way><way changeset="1" user="OSMnx" timestamp="2026-09-10T17:28:50Z" version="1" visible="true" uid="1" id="208824179"><nd ref="6542202016" /><nd ref="2190812969" /><tag k="highway" v="residential" /><tag k="oneway" v="no" /><tag k="name" v="Thiruvalluvar Salai" /></way><way changeset="1" user="OSMnx" timestamp="2026-09-10T17:28:50Z" version="1" visible="true" uid="1" id="211119393"><nd ref="2211262581" /><nd ref="11431666288" /><nd ref="2211262598" /><nd ref="2211262604" /><nd ref="7775208534" /><nd ref="2211262592" /><tag k="highway" v="service" /><tag k="oneway" v="no" /><tag k="access" v="private" /></way><way changeset="1" user="OSMnx" timestamp="2026-09-10T17:28:50Z" version="1" visible="true" uid="1" id="384392740"><nd ref="3876924840" /><nd ref="3876924965" /><nd ref="12408902566" /><nd ref="3876924979" /><nd ref="3876924987" /><nd ref="3876924992" /><nd ref="3876925000" /><nd ref="12413205722" /><nd ref="3876925007" /><nd ref="3876925011" /><nd ref="3876925016" /><nd ref="3876925024" /><nd ref="3876925027" /><nd ref="3876925029" /><nd ref="11061153529" /><nd ref="3876925033" /><nd ref="402299102" /><tag k="highway" v="service" /><tag k="oneway" v="no" /><tag k="access" v="private" /></way><way changeset="1" user="OSMnx" timestamp="2026-09-10T17:28:50Z" version="1" visible="true" uid="1" id="384392828"><nd ref="3876924840" /><nd ref="13347547150" /><nd ref="3876924958" /><nd ref="3876924971" /><nd ref="13347547148" /><nd ref="3876925009" /><nd ref="7768923077" /><nd ref="3876925038" /><nd ref="3876925041" /><nd ref="3876925050" /><tag k="highway" v="service" /><tag k="oneway" v="no" /><tag k="access" v="private" /></way><way changeset="1" user="OSMnx" timestamp="2026-09-10T17:28:50Z" version="1" visible="true" uid="1" id="696642742"><nd ref="6542105804" /><nd ref="6542105803" /><nd ref="6542105802" /><nd ref="11054080840" /><nd ref="7775411604" /><nd ref="6542105801" /><nd ref="6542105800" /><nd ref="6542105799" /><nd ref="7775411585" /><nd ref="6542105798" /><nd ref="6542105797" /><nd ref="6542105796" /><nd ref="7111516909" /><nd ref="6542202017" /><nd ref="11182703873" /><nd ref="9798617642" /><nd ref="6542202016" /><nd ref="7779772270" /><nd ref="11050382567" /><nd ref="11865853082" /><nd ref="11050404526" /><nd ref="6542202015" /><nd ref="11865875866" /><nd ref="7775274717" /><nd ref="6542202014" /><nd ref="7775274726" /><nd ref="7775274735" /><nd ref="6542202013" /><nd ref="6542202012" /><nd ref="6542202011" /><nd ref="6542202010" /><nd ref="7775274748" /><nd ref="7775274750" /><nd ref="6542202009" /><nd ref="6805346646" /><nd ref="13919884006" /><nd ref="7775112369" /><nd ref="6542202008" /><nd ref="13919884003" /><nd ref="6542202007" /><nd ref="6542202006" /><nd ref="2211262600" /><nd ref="6542202005" /><nd ref="6542202004" /><nd ref="11821422978" /><nd ref="11821422993" /><nd ref="6542202003" /><tag k="highway" v="tertiary" /><tag k="oneway" v="yes" /><tag k="lanes" v="2" /></way><way changeset="1" user="OSMnx" timestamp="2026-09-10T17:28:50Z" version="1" visible="true" uid="1" id="696642743"><nd ref="6542202063" /><nd ref="7775091594" /><nd ref="9798561530" /><nd ref="6542202064" /><nd ref="6542202065" /><nd ref="6542202066" /><nd ref="6542202067" /><nd ref="7779813387" /><nd ref="7775112370" /><nd ref="7775112374" /><nd ref="7775112367" /><nd ref="6542202069" /><nd ref="7779813386" /><nd ref="11875756625" /><nd ref="6542202070" /><nd ref="6542202071" /><nd ref="6542202072" /><nd ref="6542202073" /><nd ref="6542202074" /><nd ref="11050393893" /><nd ref="11050393883" /><nd ref="7779813457" /><nd ref="12108780398" /><nd ref="7018323678" /><nd ref="9798617638" /><nd ref="6542202076" /><nd ref="11182703874" /><nd ref="6542202078" /><nd ref="6542105836" /><nd ref="6542105837" /><nd ref="6542105838" /><nd ref="6542105839" /><nd ref="6542105840" /><nd ref="7048096536" /><nd ref="6542105841" /><nd ref="7775308784" /><nd ref="7775314105" /><nd ref="6542105842" /><nd ref="6542105843" /><tag k="highway" v="tertiary" /><tag k="oneway" v="yes" /><tag k="lanes" v="2" /></way><way changeset="1" user="OSMnx" timestamp="2026-09-10T17:28:50Z" version="1" visible="true" uid="1" id="721552583"><nd ref="6768830227" /><nd ref="11058076550" /><nd ref="6768830226" /><nd ref="6768830225" /><nd ref="6768830224" /><nd ref="6768830223" /><nd ref="6768830222" /><nd ref="6768830221" /><nd ref="6768830220" /><nd ref="6768830219" /><nd ref="6768830226" /><tag k="highway" v="service" /><tag k="oneway" v="no" /><tag k="access" v="private" /></way><way changeset="1" user="OSMnx" timestamp="2026-09-10T17:28:50Z" version="1" visible="true" uid="1" id="723982083"><nd ref="6790031393" /><nd ref="6790031392" /><nd ref="6790031391" /><nd ref="6790031390" /><nd ref="6790031389" /><tag k="highway" v="service" /><tag k="oneway" v="no" /><tag k="access" v="private" /></way><way changeset="1" user="OSMnx" timestamp="2026-09-10T17:28:50Z" version="1" visible="true" uid="1" id="723982084"><nd ref="6790031400" /><nd ref="6790031395" /><nd ref="6790031393" /><tag k="highway" v="service" /><tag k="oneway" v="no" /><tag k="access" v="private" /></way><way changeset="1" user="OSMnx" timestamp="2026-09-10T17:28:50Z" version="1" visible="true" uid="1" id="723982085"><nd ref="6542202070" /><nd ref="11292710423" /><nd ref="6790031405" /><nd ref="6790031404" /><tag k="highway" v="service" /><tag k="oneway" v="no" /><tag k="access" v="private" /></way><way changeset="1" user="OSMnx" timestamp="2026-09-10T17:28:50Z" version="1" visible="true" uid="1" id="723982086"><nd ref="6790031397" /><nd ref="6790031398" /><nd ref="6790031399" /><nd ref="6790031400" /><nd ref="6790031401" /><nd ref="6790031402" /><nd ref="6790031403" /><nd ref="6790031404" /><nd ref="6790031396" /><nd ref="6790031397" /><tag k="highway" v="service" /><tag k="oneway" v="yes" /><tag k="access" v="private" /></way><way changeset="1" user="OSMnx" timestamp="2026-09-10T17:28:50Z" version="1" visible="true" uid="1" id="750615030"><nd ref="9798753915" /><nd ref="9798753916" /><nd ref="9798753917" /><nd ref="9798753918" /><nd ref="9798753919" /><nd ref="9798754013" /><nd ref="9798754014" /><nd ref="9798754017" /><nd ref="9798754016" /><nd ref="9798754010" /><nd ref="13352865790" /><nd ref="13352865756" /><nd ref="13352925713" /><nd ref="7045315546" /><nd ref="7018323672" /><nd ref="7844437487" /><nd ref="7018323673" /><nd ref="7844437488" /><nd ref="7018323674" /><nd ref="7018323675" /><nd ref="7018323676" /><nd ref="7775112302" /><nd ref="7018323662" /><nd ref="7018323677" /><nd ref="10302481801" /><nd ref="9798617638" /><nd ref="9798617643" /><tag k="highway" v="tertiary" /><tag k="oneway" v="yes" /><tag k="name" v="Nookampalayam Link Road" /></way><way changeset="1" user="OSMnx" timestamp="2026-09-10T17:28:50Z" version="1" visible="true" uid="1" id="754436916"><nd ref="7048096536" /><nd ref="7048096535" /><nd ref="7779813425" /><tag k="highway" v="residential" /><tag k="oneway" v="no" /></way><way changeset="1" user="OSMnx" timestamp="2026-09-10T17:28:50Z" version="1" visible="true" uid="1" id="761164066"><nd ref="7111516909" /><nd ref="7111516910" /><tag k="highway" v="residential" /><tag k="oneway" v="no" /></way><way changeset="1" user="OSMnx" timestamp="2026-09-10T17:28:50Z" version="1" visible="true" uid="1" id="832117252"><nd ref="7768923078" /><nd ref="7768923077" /><tag k="highway" v="service" /><tag k="oneway" v="no" /><tag k="access" v="private" /></way><way changeset="1" user="OSMnx" timestamp="2026-09-10T17:28:50Z" version="1" visible="true" uid="1" id="832117253"><nd ref="402299102" /><nd ref="3876925040" /><nd ref="3876925045" /><tag k="highway" v="service" /><tag k="oneway" v="yes" /><tag k="access" v="private" /></way><way changeset="1" user="OSMnx" timestamp="2026-09-10T17:28:50Z" version="1" visible="true" uid="1" id="832117254"><nd ref="3876925045" /><nd ref="13347547156" /><nd ref="13347547164" /><nd ref="7768923299" /><nd ref="7768923300" /><nd ref="13347547163" /><nd ref="13347532300" /><nd ref="3876925054" /><tag k="highway" v="service" /><tag k="oneway" v="no" /><tag k="access" v="private" /></way><way changeset="1" user="OSMnx" timestamp="2026-09-10T17:28:50Z" version="1" visible="true" uid="1" id="832117255"><nd ref="3876925045" /><nd ref="7768923090" /><nd ref="7768923089" /><nd ref="7768923083" /><nd ref="7768923084" /><nd ref="7768923088" /><nd ref="14049135037" /><nd ref="7768923087" /><nd ref="7768923086" /><nd ref="13347532296" /><nd ref="7768923085" /><nd ref="7775091605" /><nd ref="7775091604" /><nd ref="7775091603" /><nd ref="7775091602" /><nd ref="7775091601" /><nd ref="7775091600" /><nd ref="7775091599" /><nd ref="7775091598" /><nd ref="7775091597" /><nd ref="7775091596" /><nd ref="7775091595" /><nd ref="13347532294" /><nd ref="11292921403" /><nd ref="7775091594" /><tag k="highway" v="service" /><tag k="oneway" v="yes" /><tag k="access" v="private" /></way><way changeset="1" user="OSMnx" timestamp="2026-09-10T17:28:50Z" version="1" visible="true" uid="1" id="832117260"><nd ref="7768923098" /><nd ref="7768923097" /><tag k="highway" v="residential" /><tag k="oneway" v="no" /></way><way changeset="1" user="OSMnx" timestamp="2026-09-10T17:28:50Z" version="1" visible="true" uid="1" id="832867304"><nd ref="7775112303" /><nd ref="7775112308" /><nd ref="11328597818" /><nd ref="7775112304" /><nd ref="7775112305" /><nd ref="7775112306" /><nd ref="7775112307" /><nd ref="7775112309" /><nd ref="12041095914" /><nd ref="7775112301" /><tag k="highway" v="service" /><tag k="oneway" v="yes" /><tag k="name" v="GeoFiny Technologies Pvt ltd" /><tag k="access" v="private" /></way><way changeset="1" user="OSMnx" timestamp="2026-09-10T17:28:50Z" version="1" visible="true" uid="1" id="832867305"><nd ref="7775112320" /><nd ref="7779772208" /><nd ref="7775112319" /><nd ref="7779772206" /><nd ref="7775112318" /><nd ref="7775112317" /><nd ref="7775112316" /><nd ref="7775112315" /><nd ref="7775112314" /><nd ref="7775112313" /><nd ref="7775112312" /><nd ref="7775112311" /><nd ref="7018323663" /><tag k="highway" v="unclassified" /><tag k="oneway" v="no" /></way><way changeset="1" user="OSMnx" timestamp="2026-09-10T17:28:50Z" version="1" visible="true" uid="1" id="832867324"><nd ref="7775112371" /><nd ref="9798561507" /><nd ref="9798561510" /><nd ref="9798561511" /><nd ref="13386090779" /><nd ref="11064298900" /><tag k="highway" v="service" /><tag k="oneway" v="yes" /><tag k="access" v="private" /></way><way changeset="1" user="OSMnx" timestamp="2026-09-10T17:28:50Z" version="1" visible="true" uid="1" id="832867325"><nd ref="11064298899" /><nd ref="13386090780" /><nd ref="9798561540" /><nd ref="273459886" /><nd ref="11050393054" /><nd ref="9798561512" /><nd ref="9798561513" /><nd ref="9798561514" /><nd ref="9798561499" /><tag k="highway" v="service" /><tag k="oneway" v="yes" /><tag k="access" v="private" /></way><way changeset="1" user="OSMnx" timestamp="2026-09-10T17:28:50Z" version="1" visible="true" uid="1" id="832876257"><nd ref="7775184686" /><nd ref="11431718218" /><nd ref="7775184685" /><nd ref="7775166484" /><tag k="highway" v="service" /><tag k="oneway" v="no" /><tag k="access" v="private" /></way><way changeset="1" user="OSMnx" timestamp="2026-09-10T17:28:50Z" version="1" visible="true" uid="1" id="832883402"><nd ref="7775243446" /><nd ref="11431719675" /><nd ref="7775243445" /><tag k="highway" v="service" /><tag k="oneway" v="no" /><tag k="access" v="private" /></way><way changeset="1" user="OSMnx" timestamp="2026-09-10T17:28:50Z" version="1" visible="true" uid="1" id="832887536"><nd ref="7775274726" /><nd ref="11865949341" /><nd ref="11865949340" /><nd ref="7775274735" /><tag k="highway" v="service" /><tag k="oneway" v="yes" /><tag k="access" v="permissive" /></way><way changeset="1" user="OSMnx" timestamp="2026-09-10T17:28:50Z" version="1" visible="true" uid="1" id="832890377"><nd ref="7775314109" /><nd ref="7775314108" /><nd ref="7775314107" /><nd ref="7775314106" /><nd ref="7775314105" /><tag k="highway" v="residential" /><tag k="oneway" v="no" /></way><way changeset="1" user="OSMnx" timestamp="2026-09-10T17:28:50Z" version="1" visible="true" uid="1" id="832900711"><nd ref="7775411586" /><nd ref="7775393384" /><tag k="highway" v="service" /><tag k="oneway" v="no" /><tag k="access" v="private" /></way><way changeset="1" user="OSMnx" timestamp="2026-09-10T17:28:50Z" version="1" visible="true" uid="1" id="832900712"><nd ref="7775393384" /><nd ref="11882844629" /><nd ref="11865788532" /><nd ref="11142976268" /><nd ref="7775411585" /><tag k="highway" v="service" /><tag k="oneway" v="yes" /><tag k="access" v="private" /></way><way changeset="1" user="OSMnx" timestamp="2026-09-10T17:28:50Z" version="1" visible="true" uid="1" id="832900713"><nd ref="6542105799" /><nd ref="11142976267" /><nd ref="11865788531" /><nd ref="7775411586" /><tag k="highway" v="service" /><tag k="oneway" v="yes" /><tag k="access" v="private" /></way><way changeset="1" user="OSMnx" timestamp="2026-09-10T17:28:50Z" version="1" visible="true" uid="1" id="832901829"><nd ref="7775385658" /><nd ref="7775385657" /><nd ref="7775385656" /><nd ref="7775385655" /><nd ref="7779772213" /><nd ref="7775385654" /><tag k="highway" v="service" /><tag k="oneway" v="no" /><tag k="access" v="private" /></way><way changeset="1" user="OSMnx" timestamp="2026-09-10T17:28:50Z" version="1" visible="true" uid="1" id="833393675"><nd ref="7779772207" /><nd ref="7779772206" /><tag k="highway" v="unclassified" /><tag k="oneway" v="no" /></way><way changeset="1" user="OSMnx" timestamp="2026-09-10T17:28:50Z" version="1" visible="true" uid="1" id="833393676"><nd ref="7779772209" /><nd ref="7779772208" /><tag k="highway" v="unclassified" /><tag k="oneway" v="no" /></way><way changeset="1" user="OSMnx" timestamp="2026-09-10T17:28:50Z" version="1" visible="true" uid="1" id="833393677"><nd ref="7779772213" /><nd ref="7779772212" /><nd ref="7779772211" /><nd ref="7779772210" /><nd ref="6790031389" /><tag k="highway" v="service" /><tag k="oneway" v="no" /><tag k="access" v="private" /></way><way changeset="1" user="OSMnx" timestamp="2026-09-10T17:28:50Z" version="1" visible="true" uid="1" id="833393685"><nd ref="7779772235" /><nd ref="7779772234" /><nd ref="7779772233" /><nd ref="7779772232" /><nd ref="7779772231" /><nd ref="7779772230" /><nd ref="7779772226" /><nd ref="7779772229" /><nd ref="7779772228" /><nd ref="7779813419" /><nd ref="7779772227" /><tag k="highway" v="service" /><tag k="oneway" v="no" /><tag k="access" v="private" /></way><way changeset="1" user="OSMnx" timestamp="2026-09-10T17:28:50Z" version="1" visible="true" uid="1" id="833393686"><nd ref="7779772238" /><nd ref="7779772237" /><nd ref="13347547173" /><nd ref="7779772236" /><nd ref="7779813421" /><nd ref="7779772233" /><tag k="highway" v="service" /><tag k="oneway" v="no" /><tag k="access" v="private" /></way><way changeset="1" user="OSMnx" timestamp="2026-09-10T17:28:50Z" version="1" visible="true" uid="1" id="833393687"><nd ref="7779772240" /><nd ref="7779772238" /><nd ref="7779772239" /><nd ref="13347547171" /><nd ref="7803956587" /><nd ref="13347547170" /><nd ref="7803956586" /><nd ref="7803943084" /><nd ref="7803943083" /><tag k="highway" v="service" /><tag k="oneway" v="no" /><tag k="access" v="private" /></way><way changeset="1" user="OSMnx" timestamp="2026-09-10T17:28:50Z" version="1" visible="true" uid="1" id="833393688"><nd ref="7779772248" /><nd ref="7779805661" /><nd ref="7779772247" /><nd ref="7779772246" /><nd ref="7779772245" /><tag k="highway" v="service" /><tag k="oneway" v="no" /></way><way changeset="1" user="OSMnx" timestamp="2026-09-10T17:28:50Z" version="1" visible="true" uid="1" id="833398816"><nd ref="7779805662" /><nd ref="7779805663" /><tag k="highway" v="service" /><tag k="oneway" v="no" /></way><way changeset="1" user="OSMnx" timestamp="2026-09-10T17:28:50Z" version="1" visible="true" uid="1" id="833398817"><nd ref="7779805663" /><nd ref="7779805665" /><nd ref="7779805666" /><nd ref="7779805667" /><nd ref="7779805673" /><nd ref="7779805672" /><nd ref="7779805671" /><nd ref="7779805670" /><nd ref="7779805669" /><nd ref="7779805668" /><tag k="highway" v="service" /><tag k="oneway" v="no" /></way><way changeset="1" user="OSMnx" timestamp="2026-09-10T17:28:50Z" version="1" visible="true" uid="1" id="833398818"><nd ref="7779805675" /><nd ref="7779805674" /><tag k="highway" v="service" /><tag k="oneway" v="no" /></way><way changeset="1" user="OSMnx" timestamp="2026-09-10T17:28:50Z" version="1" visible="true" uid="1" id="833398823"><nd ref="7775112368" /><nd ref="7779813386" /><tag k="highway" v="service" /><tag k="oneway" v="yes" /></way><way changeset="1" user="OSMnx" timestamp="2026-09-10T17:28:50Z" version="1" visible="true" uid="1" id="833398824"><nd ref="7779813387" /><nd ref="7779813390" /><tag k="highway" v="service" /><tag k="oneway" v="yes" /></way><way changeset="1" user="OSMnx" timestamp="2026-09-10T17:28:50Z" version="1" visible="true" uid="1" id="833398832"><nd ref="7779813420" /><nd ref="7779813419" /><tag k="highway" v="service" /><tag k="oneway" v="no" /><tag k="access" v="private" /></way><way changeset="1" user="OSMnx" timestamp="2026-09-10T17:28:50Z" version="1" visible="true" uid="1" id="833398833"><nd ref="7779813422" /><nd ref="7779813420" /><nd ref="7779813421" /><tag k="highway" v="service" /><tag k="oneway" v="no" /><tag k="access" v="private" /></way><way changeset="1" user="OSMnx" timestamp="2026-09-10T17:28:50Z" version="1" visible="true" uid="1" id="833398834"><nd ref="7779813424" /><nd ref="7779772236" /><nd ref="7779813423" /><tag k="highway" v="service" /><tag k="oneway" v="no" /><tag k="access" v="private" /></way><way changeset="1" user="OSMnx" timestamp="2026-09-10T17:28:50Z" version="1" visible="true" uid="1" id="833398835"><nd ref="7048096535" /><nd ref="7048096534" /><nd ref="7048096533" /><tag k="highway" v="residential" /><tag k="oneway" v="no" /></way><way changeset="1" user="OSMnx" timestamp="2026-09-10T17:28:50Z" version="1" visible="true" uid="1" id="833398836"><nd ref="7779813431" /><nd ref="7779813430" /><nd ref="7779813429" /><nd ref="7779813428" /><nd ref="7779813427" /><nd ref="11865839302" /><nd ref="7779813426" /><tag k="highway" v="service" /><tag k="oneway" v="no" /><tag k="access" v="private" /></way><way changeset="1" user="OSMnx" timestamp="2026-09-10T17:28:50Z" version="1" visible="true" uid="1" id="833398837"><nd ref="7779813450" /><nd ref="7779813449" /><nd ref="7779813448" /><nd ref="7779813447" /><nd ref="7779813446" /><nd ref="7779813451" /><tag k="highway" v="residential" /><tag k="oneway" v="no" /><tag k="access" v="private" /></way><way changeset="1" user="OSMnx" timestamp="2026-09-10T17:28:50Z" version="1" visible="true" uid="1" id="833398838"><nd ref="7779813442" /><nd ref="7779813451" /><tag k="highway" v="residential" /><tag k="oneway" v="no" /><tag k="access" v="private" /></way><way changeset="1" user="OSMnx" timestamp="2026-09-10T17:28:50Z" version="1" visible="true" uid="1" id="833398839"><nd ref="7779813454" /><nd ref="7779813434" /><nd ref="7779813433" /><nd ref="7779813432" /><nd ref="7779813455" /><nd ref="7779813456" /><nd ref="7779813450" /><nd ref="11050679818" /><nd ref="7779813453" /><tag k="highway" v="residential" /><tag k="oneway" v="no" /><tag k="access" v="private" /></way><way changeset="1" user="OSMnx" timestamp="2026-09-10T17:28:50Z" version="1" visible="true" uid="1" id="833398840"><nd ref="7779813455" /><nd ref="7779813439" /><nd ref="7779813440" /><nd ref="7779813441" /><nd ref="7779813442" /><nd ref="7779813443" /><nd ref="7779813444" /><nd ref="7779813452" /><nd ref="7779813456" /><tag k="highway" v="residential" /><tag k="oneway" v="no" /><tag k="access" v="private" /></way><way changeset="1" user="OSMnx" timestamp="2026-09-10T17:28:50Z" version="1" visible="true" uid="1" id="1066925590"><nd ref="9796736643" /><nd ref="9798753926" /><tag k="highway" v="residential" /><tag k="oneway" v="no" /><tag k="name" v="2nd Main Road" /></way><way changeset="1" user="OSMnx" timestamp="2026-09-10T17:28:50Z" version="1" visible="true" uid="1" id="1067160186"><nd ref="9798561357" /><nd ref="9798561358" /><nd ref="9798561359" /><nd ref="9798561360" /><nd ref="9798561366" /><nd ref="9798561367" /><nd ref="9798561368" /><nd ref="9798561369" /><nd ref="9798561370" /><nd ref="9798561361" /><nd ref="9798561362" /><nd ref="9798561363" /><nd ref="9798561364" /><nd ref="9798561365" /><nd ref="9798561371" /><nd ref="9798561372" /><nd ref="9798561373" /><nd ref="9798561374" /><nd ref="9798561494" /><nd ref="9798561356" /><nd ref="9798561357" /><tag k="highway" v="service" /><tag k="oneway" v="yes" /><tag k="access" v="private" /></way><way changeset="1" user="OSMnx" timestamp="2026-09-10T17:28:50Z" version="1" visible="true" uid="1" id="1067160187"><nd ref="9798561361" /><nd ref="9798561401" /><nd ref="9798561407" /><nd ref="9798561403" /><nd ref="9798561475" /><nd ref="9798561405" /><nd ref="9798561417" /><nd ref="9798561418" /><nd ref="9798561375" /><nd ref="9798561376" /><nd ref="9798561377" /><nd ref="9798561378" /><nd ref="9798561388" /><nd ref="9798561379" /><nd ref="9798561380" /><nd ref="9798561481" /><nd ref="9798561381" /><nd ref="9798561394" /><nd ref="9798561477" /><nd ref="9798561466" /><nd ref="9798561382" /><tag k="highway" v="service" /><tag k="oneway" v="no" /><tag k="access" v="private" /></way><way changeset="1" user="OSMnx" timestamp="2026-09-10T17:28:50Z" version="1" visible="true" uid="1" id="1067160188"><nd ref="9798561371" /><nd ref="9798561383" /><nd ref="9798561384" /><nd ref="9798561386" /><nd ref="9798561392" /><nd ref="9798561385" /><tag k="highway" v="service" /><tag k="oneway" v="no" /><tag k="access" v="private" /></way><way changeset="1" user="OSMnx" timestamp="2026-09-10T17:28:50Z" version="1" visible="true" uid="1" id="1067160189"><nd ref="9798561386" /><nd ref="9798561402" /><nd ref="9798561400" /><nd ref="9798561411" /><nd ref="9798561398" /><nd ref="9798561404" /><nd ref="9798561431" /><nd ref="9798561415" /><nd ref="9798561406" /><nd ref="9798561395" /><nd ref="9798561416" /><nd ref="9798561423" /><nd ref="9798561424" /><nd ref="9798561419" /><nd ref="9798561387" /><tag k="highway" v="service" /><tag k="oneway" v="no" /><tag k="access" v="private" /></way><way changeset="1" user="OSMnx" timestamp="2026-09-10T17:28:50Z" version="1" visible="true" uid="1" id="1067160190"><nd ref="9798561387" /><nd ref="9798561388" /><tag k="highway" v="service" /><tag k="oneway" v="no" /><tag k="access" v="private" /></way><way changeset="1" user="OSMnx" timestamp="2026-09-10T17:28:50Z" version="1" visible="true" uid="1" id="1067160191"><nd ref="9798561387" /><nd ref="9798561397" /><nd ref="9798561389" /><tag k="highway" v="service" /><tag k="oneway" v="no" /><tag k="access" v="private" /></way><way changeset="1" user="OSMnx" timestamp="2026-09-10T17:28:50Z" version="1" visible="true" uid="1" id="1067160192"><nd ref="9798561392" /><nd ref="9798561506" /><nd ref="9798561391" /><nd ref="9798561399" /><nd ref="9798561432" /><nd ref="9798561430" /><nd ref="9798561456" /><nd ref="12387164801" /><nd ref="9798561458" /><nd ref="9798561389" /><nd ref="9798561393" /><tag k="highway" v="service" /><tag k="oneway" v="no" /><tag k="access" v="private" /></way><way changeset="1" user="OSMnx" timestamp="2026-09-10T17:28:50Z" version="1" visible="true" uid="1" id="1067160193"><nd ref="9798561393" /><nd ref="9798561394" /><tag k="highway" v="service" /><tag k="oneway" v="no" /><tag k="access" v="private" /></way><way changeset="1" user="OSMnx" timestamp="2026-09-10T17:28:50Z" version="1" visible="true" uid="1" id="1067160194"><nd ref="9798561395" /><nd ref="9798561396" /><nd ref="9798561456" /><tag k="highway" v="service" /><tag k="oneway" v="no" /><tag k="access" v="private" /></way><way changeset="1" user="OSMnx" timestamp="2026-09-10T17:28:50Z" version="1" visible="true" uid="1" id="1067160195"><nd ref="9798561396" /><nd ref="9798561425" /><nd ref="9798561397" /><tag k="highway" v="service" /><tag k="oneway" v="no" /><tag k="access" v="private" /></way><way changeset="1" user="OSMnx" timestamp="2026-09-10T17:28:50Z" version="1" visible="true" uid="1" id="1067160196"><nd ref="9798561398" /><nd ref="9798561441" /><nd ref="9798561438" /><nd ref="9798561439" /><nd ref="9798561399" /><tag k="highway" v="service" /><tag k="oneway" v="no" /><tag k="access" v="private" /></way><way changeset="1" user="OSMnx" timestamp="2026-09-10T17:28:50Z" version="1" visible="true" uid="1" id="1067160197"><nd ref="9798561391" /><nd ref="9798561440" /><nd ref="9798561442" /><nd ref="9798561400" /><tag k="highway" v="service" /><tag k="oneway" v="no" /><tag k="access" v="private" /></way><way changeset="1" user="OSMnx" timestamp="2026-09-10T17:28:50Z" version="1" visible="true" uid="1" id="1067160198"><nd ref="9798561401" /><nd ref="9798561409" /><nd ref="9798561402" /><tag k="highway" v="service" /><tag k="oneway" v="no" /><tag k="access" v="private" /></way><way changeset="1" user="OSMnx" timestamp="2026-09-10T17:28:50Z" version="1" visible="true" uid="1" id="1067160199"><nd ref="9798561403" /><nd ref="9798561413" /><nd ref="9798561404" /><tag k="highway" v="service" /><tag k="oneway" v="no" /><tag k="access" v="private" /></way><way changeset="1" user="OSMnx" timestamp="2026-09-10T17:28:50Z" version="1" visible="true" uid="1" id="1067160200"><nd ref="9798561405" /><nd ref="9798561412" /><nd ref="9798561406" /><tag k="highway" v="service" /><tag k="oneway" v="no" /><tag k="access" v="private" /></way><way changeset="1" user="OSMnx" timestamp="2026-09-10T17:28:50Z" version="1" visible="true" uid="1" id="1067160201"><nd ref="9798561407" /><nd ref="9798561408" /><tag k="highway" v="service" /><tag k="oneway" v="no" /><tag k="access" v="private" /></way><way changeset="1" user="OSMnx" timestamp="2026-09-10T17:28:50Z" version="1" visible="true" uid="1" id="1067160202"><nd ref="9798561408" /><nd ref="9798561410" /><nd ref="9798561409" /><tag k="highway" v="service" /><tag k="oneway" v="no" /><tag k="access" v="private" /></way><way changeset="1" user="OSMnx" timestamp="2026-09-10T17:28:50Z" version="1" visible="true" uid="1" id="1067160203"><nd ref="9798561410" /><nd ref="9798561411" /><tag k="highway" v="service" /><tag k="oneway" v="no" /><tag k="access" v="private" /></way><way changeset="1" user="OSMnx" timestamp="2026-09-10T17:28:50Z" version="1" visible="true" uid="1" id="1067160204"><nd ref="9798561412" /><nd ref="9798561414" /><nd ref="9798561413" /><tag k="highway" v="service" /><tag k="oneway" v="no" /><tag k="access" v="private" /></way><way changeset="1" user="OSMnx" timestamp="2026-09-10T17:28:50Z" version="1" visible="true" uid="1" id="1067160205"><nd ref="9798561414" /><nd ref="9798561415" /><tag k="highway" v="service" /><tag k="oneway" v="no" /><tag k="access" v="private" /></way><way changeset="1" user="OSMnx" timestamp="2026-09-10T17:28:50Z" version="1" visible="true" uid="1" id="1067160206"><nd ref="9798561416" /><nd ref="9798561421" /><nd ref="9798561417" /><tag k="highway" v="service" /><tag k="oneway" v="no" /><tag k="access" v="private" /></way><way changeset="1" user="OSMnx" timestamp="2026-09-10T17:28:50Z" version="1" visible="true" uid="1" id="1067160207"><nd ref="9798561418" /><nd ref="9798561420" /><nd ref="9798561419" /><tag k="highway" v="service" /><tag k="oneway" v="no" /><tag k="access" v="private" /></way><way changeset="1" user="OSMnx" timestamp="2026-09-10T17:28:50Z" version="1" visible="true" uid="1" id="1067160208"><nd ref="9798561420" /><nd ref="9798561422" /><nd ref="9798561421" /><tag k="highway" v="service" /><tag k="oneway" v="no" /><tag k="access" v="private" /></way><way changeset="1" user="OSMnx" timestamp="2026-09-10T17:28:50Z" version="1" visible="true" uid="1" id="1067160209"><nd ref="9798561422" /><nd ref="9798561423" /><tag k="highway" v="service" /><tag k="oneway" v="no" /><tag k="access" v="private" /></way><way changeset="1" user="OSMnx" timestamp="2026-09-10T17:28:50Z" version="1" visible="true" uid="1" id="1067160213"><nd ref="9798561396" /><nd ref="9798561429" /><tag k="highway" v="footway" /><tag k="oneway" v="no" /><tag k="access" v="private" /></way><way changeset="1" user="OSMnx" timestamp="2026-09-10T17:28:50Z" version="1" visible="true" uid="1" id="1067160214"><nd ref="9798561429" /><nd ref="9798561433" /><nd ref="9798561430" /><tag k="highway" v="footway" /><tag k="oneway" v="no" /><tag k="access" v="private" /></way><way changeset="1" user="OSMnx" timestamp="2026-09-10T17:28:50Z" version="1" visible="true" uid="1" id="1067160215"><nd ref="9798561429" /><nd ref="9798561435" /><nd ref="9798561431" /><tag k="highway" v="footway" /><tag k="oneway" v="no" /><tag k="access" v="private" /></way><way changeset="1" user="OSMnx" timestamp="2026-09-10T17:28:50Z" version="1" visible="true" uid="1" id="1067160216"><nd ref="9798561404" /><nd ref="9798561436" /><nd ref="9798561437" /><nd ref="9798561434" /><nd ref="9798561432" /><tag k="highway" v="footway" /><tag k="oneway" v="no" /><tag k="access" v="private" /></way><way changeset="1" user="OSMnx" timestamp="2026-09-10T17:28:50Z" version="1" visible="true" uid="1" id="1067160217"><nd ref="9798561433" /><nd ref="9798561434" /><tag k="highway" v="footway" /><tag k="oneway" v="no" /><tag k="access" v="private" /></way><way changeset="1" user="OSMnx" timestamp="2026-09-10T17:28:50Z" version="1" visible="true" uid="1" id="1067160218"><nd ref="9798561435" /><nd ref="9798561436" /><tag k="highway" v="footway" /><tag k="oneway" v="no" /><tag k="access" v="private" /></way><way changeset="1" user="OSMnx" timestamp="2026-09-10T17:28:50Z" version="1" visible="true" uid="1" id="1067160219"><nd ref="9798561437" /><nd ref="9798561438" /><tag k="highway" v="footway" /><tag k="oneway" v="no" /><tag k="access" v="private" /></way><way changeset="1" user="OSMnx" timestamp="2026-09-10T17:28:50Z" version="1" visible="true" uid="1" id="1067160220"><nd ref="9798561439" /><nd ref="9798561440" /><tag k="highway" v="service" /><tag k="oneway" v="no" /><tag k="access" v="private" /></way><way changeset="1" user="OSMnx" timestamp="2026-09-10T17:28:50Z" version="1" visible="true" uid="1" id="1067160221"><nd ref="9798561441" /><nd ref="9798561442" /><tag k="highway" v="service" /><tag k="oneway" v="no" /><tag k="access" v="private" /></way><way changeset="1" user="OSMnx" timestamp="2026-09-10T17:28:50Z" version="1" visible="true" uid="1" id="1067160222"><nd ref="9798561443" /><nd ref="9798561445" /><nd ref="9798561444" /><tag k="highway" v="service" /><tag k="oneway" v="no" /><tag k="access" v="private" /></way><way changeset="1" user="OSMnx" timestamp="2026-09-10T17:28:50Z" version="1" visible="true" uid="1" id="1067160223"><nd ref="9798561445" /><nd ref="9798561449" /><nd ref="9798561455" /><nd ref="9798561446" /><nd ref="9798561447" /><nd ref="9798561448" /><tag k="highway" v="service" /><tag k="oneway" v="no" /><tag k="access" v="private" /></way><way changeset="1" user="OSMnx" timestamp="2026-09-10T17:28:50Z" version="1" visible="true" uid="1" id="1067160224"><nd ref="9798561449" /><nd ref="9798561450" /><nd ref="9798561451" /><tag k="highway" v="service" /><tag k="oneway" v="no" /><tag k="access" v="private" /></way><way changeset="1" user="OSMnx" timestamp="2026-09-10T17:28:50Z" version="1" visible="true" uid="1" id="1067160225"><nd ref="9798561452" /><nd ref="9798561457" /><nd ref="9798561453" /><nd ref="9798561454" /><nd ref="9798561455" /><tag k="highway" v="service" /><tag k="oneway" v="no" /><tag k="access" v="private" /></way><way changeset="1" user="OSMnx" timestamp="2026-09-10T17:28:50Z" version="1" visible="true" uid="1" id="1067160226"><nd ref="9798561456" /><nd ref="9798561457" /><nd ref="9798561450" /><tag k="highway" v="service" /><tag k="oneway" v="no" /><tag k="access" v="private" /></way><way changeset="1" user="OSMnx" timestamp="2026-09-10T17:28:50Z" version="1" visible="true" uid="1" id="1067160227"><nd ref="9798561451" /><nd ref="9798561458" /><tag k="highway" v="service" /><tag k="oneway" v="no" /><tag k="access" v="private" /></way><way changeset="1" user="OSMnx" timestamp="2026-09-10T17:28:50Z" version="1" visible="true" uid="1" id="1067160228"><nd ref="9798561459" /><nd ref="9798561460" /><nd ref="9798561461" /><nd ref="9798561464" /><nd ref="9798561462" /><nd ref="9798561463" /><nd ref="9798561393" /><tag k="highway" v="service" /><tag k="oneway" v="no" /><tag k="access" v="private" /></way><way changeset="1" user="OSMnx" timestamp="2026-09-10T17:28:50Z" version="1" visible="true" uid="1" id="1067160229"><nd ref="9798561464" /><nd ref="9798561465" /><tag k="highway" v="service" /><tag k="oneway" v="no" /><tag k="access" v="private" /></way><way changeset="1" user="OSMnx" timestamp="2026-09-10T17:28:50Z" version="1" visible="true" uid="1" id="1067160230"><nd ref="9798561465" /><nd ref="9798561468" /><nd ref="9798561466" /><tag k="highway" v="service" /><tag k="oneway" v="no" /><tag k="access" v="private" /></way><way changeset="1" user="OSMnx" timestamp="2026-09-10T17:28:50Z" version="1" visible="true" uid="1" id="1067160231"><nd ref="9798561467" /><nd ref="9798561469" /><nd ref="9798561473" /><nd ref="9798561468" /><tag k="highway" v="service" /><tag k="oneway" v="no" /><tag k="access" v="private" /></way><way changeset="1" user="OSMnx" timestamp="2026-09-10T17:28:50Z" version="1" visible="true" uid="1" id="1067160233"><nd ref="9798561471" /><nd ref="9798561382" /><tag k="highway" v="service" /><tag k="oneway" v="no" /><tag k="access" v="private" /></way><way changeset="1" user="OSMnx" timestamp="2026-09-10T17:28:50Z" version="1" visible="true" uid="1" id="1067160234"><nd ref="9798561382" /><nd ref="9798561472" /><tag k="highway" v="service" /><tag k="oneway" v="no" /><tag k="access" v="private" /></way><way changeset="1" user="OSMnx" timestamp="2026-09-10T17:28:50Z" version="1" visible="true" uid="1" id="1067160235"><nd ref="9798561473" /><nd ref="9798561472" /><tag k="highway" v="service" /><tag k="oneway" v="no" /><tag k="access" v="private" /></way><way changeset="1" user="OSMnx" timestamp="2026-09-10T17:28:50Z" version="1" visible="true" uid="1" id="1067160236"><nd ref="9798561474" /><nd ref="9798561074" /><nd ref="9798561488" /><nd ref="9798561479" /><nd ref="9798561475" /><tag k="highway" v="service" /><tag k="oneway" v="no" /><tag k="access" v="private" /></way><way changeset="1" user="OSMnx" timestamp="2026-09-10T17:28:50Z" version="1" visible="true" uid="1" id="1067160237"><nd ref="9798561476" /><nd ref="9798561478" /><nd ref="9798561482" /><nd ref="9798561485" /><nd ref="9798561477" /><tag k="highway" v="service" /><tag k="oneway" v="no" /><tag k="access" v="private" /></way><way changeset="1" user="OSMnx" timestamp="2026-09-10T17:28:50Z" version="1" visible="true" uid="1" id="1067160238"><nd ref="9798561478" /><nd ref="9798561480" /><nd ref="9798561479" /><tag k="highway" v="service" /><tag k="oneway" v="no" /><tag k="access" v="private" /></way><way changeset="1" user="OSMnx" timestamp="2026-09-10T17:28:50Z" version="1" visible="true" uid="1" id="1067160239"><nd ref="9798561480" /><nd ref="9798561481" /><tag k="highway" v="service" /><tag k="oneway" v="no" /><tag k="access" v="private" /></way><way changeset="1" user="OSMnx" timestamp="2026-09-10T17:28:50Z" version="1" visible="true" uid="1" id="1067160240"><nd ref="9798561482" /><nd ref="9798561483" /><nd ref="9798561484" /><nd ref="9798561485" /><tag k="highway" v="service" /><tag k="oneway" v="no" /><tag k="access" v="private" /></way><way changeset="1" user="OSMnx" timestamp="2026-09-10T17:28:50Z" version="1" visible="true" uid="1" id="1067160241"><nd ref="9798561366" /><nd ref="9798561490" /><nd ref="9798561487" /><nd ref="9798561486" /><tag k="highway" v="service" /><tag k="oneway" v="no" /><tag k="access" v="private" /></way><way changeset="1" user="OSMnx" timestamp="2026-09-10T17:28:50Z" version="1" visible="true" uid="1" id="1067160242"><nd ref="9798561487" /><nd ref="9798561488" /><tag k="highway" v="service" /><tag k="oneway" v="no" /><tag k="access" v="private" /></way><way changeset="1" user="OSMnx" timestamp="2026-09-10T17:28:50Z" version="1" visible="true" uid="1" id="1067160243"><nd ref="9798561489" /><nd ref="13100239974" /><nd ref="9798561492" /><nd ref="9798561490" /><tag k="highway" v="service" /><tag k="oneway" v="no" /><tag k="access" v="private" /></way><way changeset="1" user="OSMnx" timestamp="2026-09-10T17:28:50Z" version="1" visible="true" uid="1" id="1067160244"><nd ref="9798561489" /><nd ref="9798561491" /><tag k="highway" v="service" /><tag k="oneway" v="no" /><tag k="access" v="private" /></way><way changeset="1" user="OSMnx" timestamp="2026-09-10T17:28:50Z" version="1" visible="true" uid="1" id="1067160245"><nd ref="9798561492" /><nd ref="9798561496" /><nd ref="9798561495" /><nd ref="9798561560" /><nd ref="9798561493" /><nd ref="9798561497" /><nd ref="9798561498" /><nd ref="9798561499" /><tag k="highway" v="service" /><tag k="oneway" v="no" /><tag k="name" v="right of admission block" /><tag k="access" v="private" /></way><way changeset="1" user="OSMnx" timestamp="2026-09-10T17:28:50Z" version="1" visible="true" uid="1" id="1067160246"><nd ref="9798561494" /><nd ref="9798561495" /><tag k="highway" v="service" /><tag k="oneway" v="no" /><tag k="access" v="private" /></way><way changeset="1" user="OSMnx" timestamp="2026-09-10T17:28:50Z" version="1" visible="true" uid="1" id="1067160247"><nd ref="9798561491" /><nd ref="13100239975" /><nd ref="9798561496" /><tag k="highway" v="service" /><tag k="oneway" v="no" /><tag k="access" v="private" /></way><way changeset="1" user="OSMnx" timestamp="2026-09-10T17:28:50Z" version="1" visible="true" uid="1" id="1067160248"><nd ref="9798561499" /><nd ref="9798561500" /><nd ref="9798561501" /><nd ref="9798561502" /><nd ref="7775112371" /><tag k="highway" v="service" /><tag k="oneway" v="no" /><tag k="access" v="private" /></way><way changeset="1" user="OSMnx" timestamp="2026-09-10T17:28:50Z" version="1" visible="true" uid="1" id="1067160249"><nd ref="7775112371" /><nd ref="9798561503" /><nd ref="9798561385" /><tag k="highway" v="service" /><tag k="oneway" v="no" /><tag k="access" v="private" /></way><way changeset="1" user="OSMnx" timestamp="2026-09-10T17:28:50Z" version="1" visible="true" uid="1" id="1067160250"><nd ref="9798561503" /><nd ref="9798561504" /><nd ref="9798561448" /><nd ref="9798561505" /><nd ref="9798561385" /><tag k="highway" v="service" /><tag k="oneway" v="no" /><tag k="access" v="private" /></way><way changeset="1" user="OSMnx" timestamp="2026-09-10T17:28:50Z" version="1" visible="true" uid="1" id="1067160251"><nd ref="9798561505" /><nd ref="9798561506" /><tag k="highway" v="service" /><tag k="oneway" v="no" /><tag k="access" v="private" /></way><way changeset="1" user="OSMnx" timestamp="2026-09-10T17:28:50Z" version="1" visible="true" uid="1" id="1067160252"><nd ref="9798561489" /><nd ref="9798561528" /><nd ref="9798561527" /><nd ref="9798561515" /><nd ref="9798561516" /><nd ref="13100239971" /><nd ref="9798561517" /><nd ref="13386090781" /><nd ref="9798561518" /><nd ref="13100239970" /><nd ref="9798561568" /><nd ref="9798561534" /><nd ref="9798561535" /><nd ref="9798561531" /><tag k="highway" v="service" /><tag k="oneway" v="yes" /><tag k="access" v="private" /></way><way changeset="1" user="OSMnx" timestamp="2026-09-10T17:28:50Z" version="1" visible="true" uid="1" id="1067160253"><nd ref="9798561531" /><nd ref="9798561533" /><nd ref="9798561532" /><nd ref="9798561520" /><nd ref="9798561521" /><nd ref="13100239976" /><nd ref="9798561522" /><nd ref="9798561523" /><nd ref="9798561524" /><nd ref="9798561525" /><nd ref="9798561526" /><nd ref="9798561529" /><nd ref="9798561489" /><tag k="highway" v="service" /><tag k="oneway" v="yes" /><tag k="access" v="private" /></way><way changeset="1" user="OSMnx" timestamp="2026-09-10T17:28:50Z" version="1" visible="true" uid="1" id="1067160254"><nd ref="9798561530" /><nd ref="11064298901" /><nd ref="9798561531" /><tag k="highway" v="service" /><tag k="oneway" v="no" /><tag k="access" v="private" /></way><way changeset="1" user="OSMnx" timestamp="2026-09-10T17:28:50Z" version="1" visible="true" uid="1" id="1067160255"><nd ref="9798561531" /><nd ref="9798561536" /><nd ref="9798561537" /><nd ref="9798561538" /><nd ref="9798561539" /><nd ref="9798561540" /><tag k="highway" v="service" /><tag k="oneway" v="no" /><tag k="access" v="private" /></way><way changeset="1" user="OSMnx" timestamp="2026-09-10T17:28:50Z" version="1" visible="true" uid="1" id="1067160256"><nd ref="9798561560" /><nd ref="9798561561" /><nd ref="9798561562" /><nd ref="9798561563" /><nd ref="9798561564" /><nd ref="9798561565" /><nd ref="9798561566" /><nd ref="9798561567" /><tag k="highway" v="service" /><tag k="oneway" v="no" /><tag k="access" v="private" /></way><way changeset="1" user="OSMnx" timestamp="2026-09-10T17:28:50Z" version="1" visible="true" uid="1" id="1067160257"><nd ref="9798561568" /><nd ref="13386090782" /><nd ref="9798561569" /><tag k="highway" v="service" /><tag k="oneway" v="no" /><tag k="access" v="private" /></way><way changeset="1" user="OSMnx" timestamp="2026-09-10T17:28:50Z" version="1" visible="true" uid="1" id="1067182685"><nd ref="9796736643" /><nd ref="9798753873" /><tag k="highway" v="residential" /><tag k="oneway" v="no" /></way><way changeset="1" user="OSMnx" timestamp="2026-09-10T17:28:50Z" version="1" visible="true" uid="1" id="1067182686"><nd ref="9798753873" /><nd ref="9798753874" /><tag k="highway" v="residential" /><tag k="oneway" v="no" /></way><way changeset="1" user="OSMnx" timestamp="2026-09-10T17:28:50Z" version="1" visible="true" uid="1" id="1067182701"><nd ref="9798753920" /><nd ref="9798753922" /><nd ref="9798753921" /><tag k="highway" v="residential" /><tag k="oneway" v="no" /></way><way changeset="1" user="OSMnx" timestamp="2026-09-10T17:28:50Z" version="1" visible="true" uid="1" id="1067182703"><nd ref="9798753929" /><nd ref="9798753925" /><nd ref="9798753933" /><nd ref="9798753924" /><tag k="highway" v="residential" /><tag k="oneway" v="no" /></way><way changeset="1" user="OSMnx" timestamp="2026-09-10T17:28:50Z" version="1" visible="true" uid="1" id="1067182704"><nd ref="9798753925" /><nd ref="9798753926" /><tag k="highway" v="residential" /><tag k="oneway" v="no" /></way><way changeset="1" user="OSMnx" timestamp="2026-09-10T17:28:50Z" version="1" visible="true" uid="1" id="1067182705"><nd ref="9798753925" /><nd ref="9798753927" /><tag k="highway" v="residential" /><tag k="oneway" v="no" /></way><way changeset="1" user="OSMnx" timestamp="2026-09-10T17:28:50Z" version="1" visible="true" uid="1" id="1067182706"><nd ref="9798753928" /><nd ref="9798753929" /><tag k="highway" v="residential" /><tag k="oneway" v="no" /></way><way changeset="1" user="OSMnx" timestamp="2026-09-10T17:28:50Z" version="1" visible="true" uid="1" id="1067182707"><nd ref="9798753931" /><nd ref="9798753932" /><tag k="highway" v="residential" /><tag k="oneway" v="no" /></way><way changeset="1" user="OSMnx" timestamp="2026-09-10T17:28:50Z" version="1" visible="true" uid="1" id="1067182708"><nd ref="9798753932" /><nd ref="9798753933" /><tag k="highway" v="residential" /><tag k="oneway" v="no" /></way><way changeset="1" user="OSMnx" timestamp="2026-09-10T17:28:50Z" version="1" visible="true" uid="1" id="1067182709"><nd ref="9798753934" /><nd ref="9798753935" /><nd ref="9798753936" /><tag k="highway" v="residential" /><tag k="oneway" v="no" /></way><way changeset="1" user="OSMnx" timestamp="2026-09-10T17:28:50Z" version="1" visible="true" uid="1" id="1067182710"><nd ref="9798753923" /><nd ref="9798753937" /><tag k="highway" v="residential" /><tag k="oneway" v="no" /></way><way changeset="1" user="OSMnx" timestamp="2026-09-10T17:28:50Z" version="1" visible="true" uid="1" id="1067182712"><nd ref="9798753956" /><nd ref="9798753959" /><nd ref="9798753960" /><nd ref="9798753961" /><nd ref="9798753962" /><nd ref="9798753963" /><nd ref="9798753964" /><nd ref="9798753965" /><nd ref="9798753966" /><nd ref="9798753967" /><nd ref="9798753968" /><nd ref="9798753969" /><nd ref="9798753970" /><nd ref="9798753971" /><nd ref="9798753972" /><nd ref="9798753934" /><tag k="highway" v="track" /><tag k="oneway" v="no" /></way><way changeset="1" user="OSMnx" timestamp="2026-09-10T17:28:50Z" version="1" visible="true" uid="1" id="1067182713"><nd ref="9798753961" /><nd ref="9798753973" /><nd ref="9798753974" /><nd ref="9798753975" /><nd ref="9798753976" /><nd ref="9798753977" /><tag k="highway" v="track" /><tag k="oneway" v="no" /></way><way changeset="1" user="OSMnx" timestamp="2026-09-10T17:28:50Z" version="1" visible="true" uid="1" id="1067182717"><nd ref="6768830229" /><nd ref="9798754017" /><nd ref="9798754018" /><nd ref="9798754019" /><nd ref="9798754020" /><nd ref="9798754021" /><nd ref="9798754022" /><tag k="highway" v="residential" /><tag k="oneway" v="no" /></way><way changeset="1" user="OSMnx" timestamp="2026-09-10T17:28:50Z" version="1" visible="true" uid="1" id="1067182718"><nd ref="9798754029" /><nd ref="9798754022" /><tag k="highway" v="residential" /><tag k="oneway" v="no" /></way><way changeset="1" user="OSMnx" timestamp="2026-09-10T17:28:50Z" version="1" visible="true" uid="1" id="1067182719"><nd ref="13179700026" /><nd ref="9798754026" /><nd ref="9798754025" /><tag k="highway" v="residential" /><tag k="oneway" v="no" /></way><way changeset="1" user="OSMnx" timestamp="2026-09-10T17:28:50Z" version="1" visible="true" uid="1" id="1067182720"><nd ref="9798754026" /><nd ref="9798754028" /><nd ref="9798754021" /><tag k="highway" v="residential" /><tag k="oneway" v="no" /></way><way changeset="1" user="OSMnx" timestamp="2026-09-10T17:28:50Z" version="1" visible="true" uid="1" id="1067182721"><nd ref="9798754027" /><nd ref="9798754028" /><nd ref="9798754029" /><tag k="highway" v="residential" /><tag k="oneway" v="no" /></way><way changeset="1" user="OSMnx" timestamp="2026-09-10T17:28:50Z" version="1" visible="true" uid="1" id="1067182736"><nd ref="9798754056" /><nd ref="9798754057" /><tag k="highway" v="residential" /><tag k="oneway" v="no" /></way><way changeset="1" user="OSMnx" timestamp="2026-09-10T17:28:50Z" version="1" visible="true" uid="1" id="1067182737"><nd ref="9798754056" /><nd ref="9798754058" /><nd ref="9798754067" /><nd ref="9798754066" /><nd ref="9798754064" /><tag k="highway" v="residential" /><tag k="oneway" v="no" /></way><way changeset="1" user="OSMnx" timestamp="2026-09-10T17:28:50Z" version="1" visible="true" uid="1" id="1067182738"><nd ref="9798754058" /><nd ref="9798754062" /><nd ref="9798754061" /><nd ref="9798754059" /><tag k="highway" v="residential" /><tag k="oneway" v="no" /></way><way changeset="1" user="OSMnx" timestamp="2026-09-10T17:28:50Z" version="1" visible="true" uid="1" id="1067182739"><nd ref="9798754060" /><nd ref="9798754061" /><tag k="highway" v="residential" /><tag k="oneway" v="no" /></way><way changeset="1" user="OSMnx" timestamp="2026-09-10T17:28:50Z" version="1" visible="true" uid="1" id="1067182740"><nd ref="9798754062" /><nd ref="9798754063" /><tag k="highway" v="residential" /><tag k="oneway" v="no" /></way><way changeset="1" user="OSMnx" timestamp="2026-09-10T17:28:50Z" version="1" visible="true" uid="1" id="1067182741"><nd ref="9798754065" /><nd ref="9798754066" /><tag k="highway" v="residential" /><tag k="oneway" v="no" /></way><way changeset="1" user="OSMnx" timestamp="2026-09-10T17:28:50Z" version="1" visible="true" uid="1" id="1067182742"><nd ref="9798754067" /><nd ref="7768923099" /><tag k="highway" v="residential" /><tag k="oneway" v="no" /></way><way changeset="1" user="OSMnx" timestamp="2026-09-10T17:28:50Z" version="1" visible="true" uid="1" id="1067182744"><nd ref="9798754056" /><nd ref="9798754075" /><nd ref="9798754071" /><tag k="highway" v="residential" /><tag k="oneway" v="no" /></way><way changeset="1" user="OSMnx" timestamp="2026-09-10T17:28:50Z" version="1" visible="true" uid="1" id="1067182745"><nd ref="9798754070" /><nd ref="11590943190" /><nd ref="11328689855" /><nd ref="6758953956" /><tag k="highway" v="residential" /><tag k="oneway" v="no" /><tag k="access" v="private" /></way><way changeset="1" user="OSMnx" timestamp="2026-09-10T17:28:50Z" version="1" visible="true" uid="1" id="1067182746"><nd ref="9798754071" /><nd ref="9798754072" /><nd ref="9798754076" /><nd ref="9798754078" /><nd ref="9798754080" /><nd ref="6758953958" /><tag k="highway" v="residential" /><tag k="oneway" v="no" /></way><way changeset="1" user="OSMnx" timestamp="2026-09-10T17:28:50Z" version="1" visible="true" uid="1" id="1067182747"><nd ref="9798754072" /><nd ref="9798754074" /><nd ref="9798754073" /><tag k="highway" v="residential" /><tag k="oneway" v="no" /></way><way changeset="1" user="OSMnx" timestamp="2026-09-10T17:28:50Z" version="1" visible="true" uid="1" id="1067182748"><nd ref="9798754074" /><nd ref="9798754075" /><tag k="highway" v="residential" /><tag k="oneway" v="no" /></way><way changeset="1" user="OSMnx" timestamp="2026-09-10T17:28:50Z" version="1" visible="true" uid="1" id="1067182749"><nd ref="9798754076" /><nd ref="9798754077" /><tag k="highway" v="residential" /><tag k="oneway" v="no" /></way><way changeset="1" user="OSMnx" timestamp="2026-09-10T17:28:50Z" version="1" visible="true" uid="1" id="1067182750"><nd ref="9798754078" /><nd ref="9798754079" /><tag k="highway" v="residential" /><tag k="oneway" v="no" /></way><way changeset="1" user="OSMnx" timestamp="2026-09-10T17:28:50Z" version="1" visible="true" uid="1" id="1067182751"><nd ref="9798754080" /><nd ref="9798754081" /><tag k="highway" v="residential" /><tag k="oneway" v="no" /></way><way changeset="1" user="OSMnx" timestamp="2026-09-10T17:28:50Z" version="1" visible="true" uid="1" id="1067904839"><nd ref="9803988123" /><nd ref="9803988136" /><nd ref="9803988127" /><nd ref="9803988138" /><nd ref="9803988125" /><nd ref="9803988134" /><nd ref="13347580773" /><nd ref="13347580775" /><tag k="highway" v="service" /><tag k="oneway" v="no" /><tag k="access" v="private" /></way><way changeset="1" user="OSMnx" timestamp="2026-09-10T17:28:50Z" version="1" visible="true" uid="1" id="1067904840"><nd ref="9803988124" /><nd ref="9803988125" /><tag k="highway" v="service" /><tag k="oneway" v="no" /><tag k="access" v="private" /></way><way changeset="1" user="OSMnx" timestamp="2026-09-10T17:28:50Z" version="1" visible="true" uid="1" id="1067904841"><nd ref="9803988126" /><nd ref="9803988127" /><tag k="highway" v="service" /><tag k="oneway" v="no" /><tag k="access" v="private" /></way><way changeset="1" user="OSMnx" timestamp="2026-09-10T17:28:50Z" version="1" visible="true" uid="1" id="1067904842"><nd ref="9803988126" /><nd ref="9803988128" /><nd ref="9803988129" /><nd ref="9803988130" /><nd ref="9803988131" /><nd ref="9803988132" /><nd ref="9803988133" /><nd ref="9803988134" /><tag k="highway" v="service" /><tag k="oneway" v="no" /><tag k="access" v="private" /></way><way changeset="1" user="OSMnx" timestamp="2026-09-10T17:28:50Z" version="1" visible="true" uid="1" id="1067904843"><nd ref="9803988135" /><nd ref="9803988136" /><tag k="highway" v="service" /><tag k="oneway" v="no" /><tag k="access" v="private" /></way><way changeset="1" user="OSMnx" timestamp="2026-09-10T17:28:50Z" version="1" visible="true" uid="1" id="1067904844"><nd ref="9803988140" /><nd ref="9803988143" /><nd ref="9803988138" /><tag k="highway" v="service" /><tag k="oneway" v="no" /><tag k="access" v="private" /></way><way changeset="1" user="OSMnx" timestamp="2026-09-10T17:28:50Z" version="1" visible="true" uid="1" id="1067904847"><nd ref="9803988136" /><nd ref="9803988142" /><nd ref="9803988141" /><tag k="highway" v="service" /><tag k="oneway" v="no" /><tag k="access" v="private" /></way><way changeset="1" user="OSMnx" timestamp="2026-09-10T17:28:50Z" version="1" visible="true" uid="1" id="1067904848"><nd ref="9803988142" /><nd ref="9803988143" /><tag k="highway" v="service" /><tag k="oneway" v="no" /><tag k="access" v="private" /></way><way changeset="1" user="OSMnx" timestamp="2026-09-10T17:28:50Z" version="1" visible="true" uid="1" id="1067904850"><nd ref="9803988142" /><nd ref="9803988144" /><tag k="highway" v="service" /><tag k="oneway" v="no" /><tag k="access" v="private" /></way><way changeset="1" user="OSMnx" timestamp="2026-09-10T17:28:50Z" version="1" visible="true" uid="1" id="1067904851"><nd ref="9803988144" /><nd ref="9803988123" /><tag k="highway" v="service" /><tag k="oneway" v="no" /><tag k="access" v="private" /></way><way changeset="1" user="OSMnx" timestamp="2026-09-10T17:28:50Z" version="1" visible="true" uid="1" id="1088348802"><nd ref="6542202003" /><nd ref="6542202002" /><nd ref="7775243446" /><nd ref="6542202001" /><nd ref="6542202000" /><nd ref="7775184686" /><nd ref="6542201999" /><nd ref="11821379626" /><nd ref="11821379634" /><nd ref="6542201998" /><nd ref="2211262581" /><tag k="highway" v="tertiary" /><tag k="oneway" v="yes" /><tag k="lanes" v="2" /></way><way changeset="1" user="OSMnx" timestamp="2026-09-10T17:28:50Z" version="1" visible="true" uid="1" id="1122574994"><nd ref="12672818687" /><nd ref="1945613024" /><nd ref="12852896814" /><nd ref="1945613046" /><nd ref="12852890028" /><nd ref="12108813597" /><nd ref="1945612987" /><nd ref="7111516910" /><nd ref="1945612984" /><nd ref="10302481803" /><nd ref="9798617644" /><tag k="highway" v="primary" /><tag k="oneway" v="yes" /><tag k="lanes" v="2" /><tag k="name" v="Rajiv Gandhi Salai" /><tag k="ref" v="SH49A" /></way><way changeset="1" user="OSMnx" timestamp="2026-09-10T17:28:50Z" version="1" visible="true" uid="1" id="1122574995"><nd ref="9798617644" /><nd ref="9798617641" /><tag k="highway" v="primary" /><tag k="oneway" v="yes" /><tag k="lanes" v="2" /><tag k="name" v="Rajiv Gandhi Salai" /><tag k="ref" v="SH49A" /></way><way changeset="1" user="OSMnx" timestamp="2026-09-10T17:28:50Z" version="1" visible="true" uid="1" id="1190094986"><nd ref="9798561567" /><nd ref="11050393054" /><tag k="highway" v="service" /><tag k="oneway" v="no" /><tag k="access" v="private" /></way><way changeset="1" user="OSMnx" timestamp="2026-09-10T17:28:50Z" version="1" visible="true" uid="1" id="1190096337"><nd ref="11050404526" /><nd ref="11865875867" /><nd ref="11050404528" /><nd ref="11865875866" /><tag k="highway" v="service" /><tag k="oneway" v="yes" /><tag k="access" v="private" /></way><way changeset="1" user="OSMnx" timestamp="2026-09-10T17:28:50Z" version="1" visible="true" uid="1" id="1190096656"><nd ref="11050393884" /><nd ref="11050393885" /><nd ref="11133284362" /><nd ref="11050393886" /><nd ref="11133284361" /><nd ref="11133284363" /><nd ref="11133284365" /><nd ref="11133284364" /><nd ref="11865858989" /><nd ref="11133284366" /><nd ref="11054110469" /><nd ref="11050393888" /><nd ref="11133284359" /><nd ref="11133284360" /><nd ref="11050393891" /><nd ref="11050393892" /><tag k="highway" v="residential" /><tag k="oneway" v="no" /><tag k="access" v="private" /></way><way changeset="1" user="OSMnx" timestamp="2026-09-10T17:28:50Z" version="1" visible="true" uid="1" id="1190511872"><nd ref="7775411604" /><nd ref="11054080841" /><nd ref="11050669324" /><nd ref="11054080842" /><nd ref="11054080840" /><tag k="highway" v="service" /><tag k="oneway" v="no" /><tag k="access" v="private" /></way><way changeset="1" user="OSMnx" timestamp="2026-09-10T17:28:50Z" version="1" visible="true" uid="1" id="1191344564"><nd ref="11061153525" /><nd ref="11061153526" /><nd ref="11061153527" /><tag k="highway" v="service" /><tag k="oneway" v="no" /><tag k="access" v="private" /></way><way changeset="1" user="OSMnx" timestamp="2026-09-10T17:28:50Z" version="1" visible="true" uid="1" id="1199456914"><nd ref="7775112369" /><nd ref="7775112322" /><nd ref="7775038884" /><nd ref="7775112370" /><nd ref="11804174233" /><nd ref="7779813390" /><nd ref="11064298899" /><tag k="highway" v="service" /><tag k="oneway" v="yes" /></way><way changeset="1" user="OSMnx" timestamp="2026-09-10T17:28:50Z" version="1" visible="true" uid="1" id="1199456915"><nd ref="11064298900" /><nd ref="7775112368" /><nd ref="7775112367" /><nd ref="7775112366" /><nd ref="7775112365" /><nd ref="6805346646" /><tag k="highway" v="service" /><tag k="oneway" v="yes" /></way><way changeset="1" user="OSMnx" timestamp="2026-09-10T17:28:50Z" version="1" visible="true" uid="1" id="1200737209"><nd ref="11133284366" /><nd ref="11133284367" /><nd ref="11865858983" /><nd ref="11865858984" /><nd ref="11865858985" /><tag k="highway" v="residential" /><tag k="oneway" v="no" /><tag k="access" v="private" /></way><way changeset="1" user="OSMnx" timestamp="2026-09-10T17:28:50Z" version="1" visible="true" uid="1" id="1201594106"><nd ref="9798753923" /><nd ref="9798753935" /><nd ref="9798753929" /><tag k="highway" v="residential" /><tag k="oneway" v="no" /></way><way changeset="1" user="OSMnx" timestamp="2026-09-10T17:28:50Z" version="1" visible="true" uid="1" id="1201594107"><nd ref="9798753929" /><nd ref="11052540732" /><nd ref="11140321206" /><tag k="highway" v="service" /><tag k="oneway" v="no" /></way><way changeset="1" user="OSMnx" timestamp="2026-09-10T17:28:50Z" version="1" visible="true" uid="1" id="1218715027"><nd ref="6790031393" /><nd ref="7775112321" /><nd ref="7775385654" /><nd ref="11292710422" /><tag k="highway" v="service" /><tag k="oneway" v="no" /><tag k="access" v="private" /></way><way changeset="1" user="OSMnx" timestamp="2026-09-10T17:28:50Z" version="1" visible="true" uid="1" id="1218742430"><nd ref="402299082" /><nd ref="6542202063" /><tag k="highway" v="service" /><tag k="oneway" v="yes" /></way><way changeset="1" user="OSMnx" timestamp="2026-09-10T17:28:50Z" version="1" visible="true" uid="1" id="1221472978"><nd ref="308893210" /><nd ref="3876821675" /><nd ref="9798754069" /><nd ref="6758953956" /><nd ref="6758953958" /><tag k="highway" v="tertiary" /><tag k="oneway" v="yes" /><tag k="name" v="Nookampalayam Link Road" /></way><way changeset="1" user="OSMnx" timestamp="2026-09-10T17:28:50Z" version="1" visible="true" uid="1" id="1221472979"><nd ref="6758953958" /><nd ref="7018323673" /><tag k="highway" v="residential" /><tag k="oneway" v="no" /></way><way changeset="1" user="OSMnx" timestamp="2026-09-10T17:28:50Z" version="1" visible="true" uid="1" id="1221473354"><nd ref="9798617639" /><nd ref="7018323678" /><nd ref="12848256505" /><nd ref="7018323663" /><nd ref="13417503058" /><nd ref="13417503065" /><nd ref="7779813426" /><nd ref="7779813453" /><nd ref="7775112303" /><tag k="highway" v="tertiary" /><tag k="oneway" v="yes" /><tag k="name" v="Nookampalayam Link Road" /></way><way changeset="1" user="OSMnx" timestamp="2026-09-10T17:28:50Z" version="1" visible="true" uid="1" id="1221473355"><nd ref="308893210" /><nd ref="7018323676" /><tag k="highway" v="service" /><tag k="oneway" v="yes" /><tag k="name" v="GeoFiny Technologies Pvt ltd" /></way><way changeset="1" user="OSMnx" timestamp="2026-09-10T17:28:50Z" version="1" visible="true" uid="1" id="1221473356"><nd ref="7775112302" /><nd ref="7775112303" /><tag k="highway" v="service" /><tag k="oneway" v="yes" /><tag k="name" v="GeoFiny Technologies Pvt ltd" /></way><way changeset="1" user="OSMnx" timestamp="2026-09-10T17:28:50Z" version="1" visible="true" uid="1" id="1221473357"><nd ref="7775112303" /><nd ref="308893210" /><tag k="highway" v="tertiary" /><tag k="oneway" v="yes" /><tag k="name" v="Nookampalayam Link Road" /></way><way changeset="1" user="OSMnx" timestamp="2026-09-10T17:28:50Z" version="1" visible="true" uid="1" id="1221473358"><nd ref="7779813451" /><nd ref="7779813435" /><nd ref="7779813445" /><nd ref="7779813438" /><nd ref="7779813437" /><nd ref="7779813436" /><nd ref="7779813454" /><tag k="highway" v="residential" /><tag k="oneway" v="no" /><tag k="access" v="private" /></way><way changeset="1" user="OSMnx" timestamp="2026-09-10T17:28:50Z" version="1" visible="true" uid="1" id="1267321516"><nd ref="6776235743" /><nd ref="6776235742" /><tag k="highway" v="primary_link" /><tag k="oneway" v="no" /></way><way changeset="1" user="OSMnx" timestamp="2026-09-10T17:28:50Z" version="1" visible="true" uid="1" id="1272992147"><nd ref="11821379626" /><nd ref="11821379627" /><nd ref="11821379628" /><nd ref="11821379629" /><nd ref="11821379630" /><nd ref="11821379635" /><nd ref="11821379631" /><nd ref="11821379632" /><nd ref="11821379633" /><nd ref="11821379634" /><tag k="highway" v="service" /><tag k="oneway" v="yes" /></way><way changeset="1" user="OSMnx" timestamp="2026-09-10T17:28:50Z" version="1" visible="true" uid="1" id="1272995349"><nd ref="11821422978" /><nd ref="11821423005" /><nd ref="11821422979" /><nd ref="11821422980" /><nd ref="11821422981" /><nd ref="11821422982" /><nd ref="11821422983" /><nd ref="11821422987" /><nd ref="11821422984" /><nd ref="11821422985" /><nd ref="11821422986" /><nd ref="11821422988" /><nd ref="11821422989" /><nd ref="11821422990" /><nd ref="11821422994" /><nd ref="11821422991" /><nd ref="11821422992" /><nd ref="11821423006" /><nd ref="11821422993" /><tag k="highway" v="residential" /><tag k="oneway" v="yes" /><tag k="access" v="private" /></way><way changeset="1" user="OSMnx" timestamp="2026-09-10T17:28:50Z" version="1" visible="true" uid="1" id="1272995350"><nd ref="11821422979" /><nd ref="11821422995" /><nd ref="11821422996" /><nd ref="11821422997" /><nd ref="11821422998" /><nd ref="11821423003" /><nd ref="11821422999" /><nd ref="11821423004" /><nd ref="11821423001" /><nd ref="11821423000" /><nd ref="11821423002" /><nd ref="11821422992" /><tag k="highway" v="residential" /><tag k="oneway" v="no" /><tag k="access" v="private" /></way><way changeset="1" user="OSMnx" timestamp="2026-09-10T17:28:50Z" version="1" visible="true" uid="1" id="1278107554"><nd ref="11050393884" /><nd ref="11050393892" /><tag k="highway" v="residential" /><tag k="oneway" v="no" /><tag k="access" v="private" /></way><way changeset="1" user="OSMnx" timestamp="2026-09-10T17:28:50Z" version="1" visible="true" uid="1" id="1278107555"><nd ref="11050393893" /><nd ref="11050393895" /><nd ref="11050393892" /><tag k="highway" v="residential" /><tag k="oneway" v="yes" /><tag k="access" v="private" /></way><way changeset="1" user="OSMnx" timestamp="2026-09-10T17:28:50Z" version="1" visible="true" uid="1" id="1278107556"><nd ref="11050393884" /><nd ref="11050393894" /><nd ref="11050393883" /><tag k="highway" v="residential" /><tag k="oneway" v="yes" /><tag k="access" v="private" /></way><way changeset="1" user="OSMnx" timestamp="2026-09-10T17:28:50Z" version="1" visible="true" uid="1" id="1278107557"><nd ref="11865858983" /><nd ref="11865858986" /><nd ref="11865858987" /><nd ref="11865858988" /><tag k="highway" v="residential" /><tag k="oneway" v="no" /><tag k="access" v="private" /></way><way changeset="1" user="OSMnx" timestamp="2026-09-10T17:28:50Z" version="1" visible="true" uid="1" id="1278107558"><nd ref="11865858987" /><nd ref="11865858989" /><tag k="highway" v="residential" /><tag k="oneway" v="no" /><tag k="access" v="private" /></way><way changeset="1" user="OSMnx" timestamp="2026-09-10T17:28:50Z" version="1" visible="true" uid="1" id="1278108642"><nd ref="11865853084" /><nd ref="11865853085" /><tag k="highway" v="service" /><tag k="oneway" v="no" /></way><way changeset="1" user="OSMnx" timestamp="2026-09-10T17:28:50Z" version="1" visible="true" uid="1" id="1278108643"><nd ref="11865853085" /><nd ref="11865853083" /><nd ref="11865853082" /><tag k="highway" v="service" /><tag k="oneway" v="yes" /><tag k="access" v="private" /></way><way changeset="1" user="OSMnx" timestamp="2026-09-10T17:28:50Z" version="1" visible="true" uid="1" id="1278108644"><nd ref="11050382567" /><nd ref="11050382569" /><nd ref="11865853084" /><tag k="highway" v="service" /><tag k="oneway" v="yes" /><tag k="access" v="private" /></way><way changeset="1" user="OSMnx" timestamp="2026-09-10T17:28:50Z" version="1" visible="true" uid="1" id="1279250351"><nd ref="11875756625" /><nd ref="11875756626" /><tag k="highway" v="residential" /><tag k="oneway" v="no" /><tag k="access" v="private" /></way><way changeset="1" user="OSMnx" timestamp="2026-09-10T17:28:50Z" version="1" visible="true" uid="1" id="1280080892"><nd ref="11882844629" /><nd ref="11882844630" /><tag k="highway" v="service" /><tag k="oneway" v="no" /><tag k="access" v="private" /></way><way changeset="1" user="OSMnx" timestamp="2026-09-10T17:28:50Z" version="1" visible="true" uid="1" id="1299931620"><nd ref="7775112291" /><nd ref="7775112290" /><nd ref="7775112288" /><nd ref="7775112287" /><tag k="highway" v="service" /><tag k="oneway" v="yes" /><tag k="name" v="GeoFiny Technologies Pvt ltd" /><tag k="access" v="private" /></way><way changeset="1" user="OSMnx" timestamp="2026-09-10T17:28:50Z" version="1" visible="true" uid="1" id="1299931621"><nd ref="7775112287" /><nd ref="12041095914" /><tag k="highway" v="service" /><tag k="oneway" v="no" /><tag k="access" v="private" /></way><way changeset="1" user="OSMnx" timestamp="2026-09-10T17:28:50Z" version="1" visible="true" uid="1" id="1299931622"><nd ref="7775112301" /><nd ref="12041095915" /><nd ref="12041095916" /><nd ref="12041095917" /><tag k="highway" v="service" /><tag k="oneway" v="yes" /><tag k="access" v="private" /></way><way changeset="1" user="OSMnx" timestamp="2026-09-10T17:28:50Z" version="1" visible="true" uid="1" id="1299931623"><nd ref="7775112301" /><nd ref="7775112293" /><nd ref="7775112294" /><nd ref="7775112295" /><nd ref="12041095918" /><nd ref="7775112285" /><nd ref="12041095917" /><tag k="highway" v="service" /><tag k="oneway" v="no" /><tag k="access" v="private" /></way><way changeset="1" user="OSMnx" timestamp="2026-09-10T17:28:50Z" version="1" visible="true" uid="1" id="1299931624"><nd ref="12041095917" /><nd ref="12041095910" /><nd ref="12041095911" /><nd ref="12041095919" /><nd ref="12041095912" /><nd ref="12041095913" /><nd ref="7775112291" /><tag k="highway" v="service" /><tag k="oneway" v="yes" /><tag k="name" v="GeoFiny Technologies Pvt ltd" /><tag k="access" v="private" /></way><way changeset="1" user="OSMnx" timestamp="2026-09-10T17:28:50Z" version="1" visible="true" uid="1" id="1299931625"><nd ref="12041095919" /><nd ref="12041095920" /><nd ref="12041095921" /><nd ref="12041095922" /><nd ref="12041095923" /><nd ref="12041095924" /><nd ref="12041095925" /><tag k="highway" v="service" /><tag k="oneway" v="no" /><tag k="access" v="private" /></way><way changeset="1" user="OSMnx" timestamp="2026-09-10T17:28:50Z" version="1" visible="true" uid="1" id="1304416986"><nd ref="6776235742" /><nd ref="1711254923" /><nd ref="273459888" /><nd ref="12852872565" /><nd ref="402299082" /><nd ref="12852890105" /><nd ref="9798561541" /><nd ref="6102926435" /><nd ref="273459887" /><nd ref="10302481799" /><nd ref="7775038884" /><nd ref="7775112366" /><nd ref="273459885" /><nd ref="1711254907" /><nd ref="10302481802" /><nd ref="9798617639" /><tag k="highway" v="primary" /><tag k="oneway" v="yes" /><tag k="lanes" v="2" /><tag k="name" v="Rajiv Gandhi Salai" /><tag k="ref" v="SH49A" /></way><way changeset="1" user="OSMnx" timestamp="2026-09-10T17:28:50Z" version="1" visible="true" uid="1" id="1304416988"><nd ref="9798617639" /><nd ref="9798617643" /><tag k="highway" v="primary" /><tag k="oneway" v="yes" /><tag k="lanes" v="2" /><tag k="name" v="Rajiv Gandhi Salai" /><tag k="ref" v="SH49A" /></way><way changeset="1" user="OSMnx" timestamp="2026-09-10T17:28:50Z" version="1" visible="true" uid="1" id="1307559842"><nd ref="12108780398" /><nd ref="14014115361" /><nd ref="14014115364" /><nd ref="12848256506" /><nd ref="12108780399" /><tag k="highway" v="service" /><tag k="oneway" v="yes" /><tag k="maxspeed" v="15" /><tag k="access" v="private" /></way><way changeset="1" user="OSMnx" timestamp="2026-09-10T17:28:50Z" version="1" visible="true" uid="1" id="1341868589"><nd ref="3876924958" /><nd ref="12413205717" /><nd ref="12413171730" /><nd ref="12413171731" /><nd ref="12413205715" /><nd ref="12413171732" /><nd ref="12413171733" /><tag k="highway" v="service" /><tag k="oneway" v="no" /><tag k="access" v="private" /></way><way changeset="1" user="OSMnx" timestamp="2026-09-10T17:28:50Z" version="1" visible="true" uid="1" id="1341868590"><nd ref="12413171731" /><nd ref="12413171734" /><nd ref="13347547144" /><nd ref="12413171735" /><nd ref="3876924985" /><nd ref="13347547138" /><nd ref="13347547143" /><nd ref="12413171737" /><nd ref="13347547142" /><nd ref="12413171733" /><tag k="highway" v="service" /><tag k="oneway" v="no" /><tag k="access" v="private" /></way><way changeset="1" user="OSMnx" timestamp="2026-09-10T17:28:50Z" version="1" visible="true" uid="1" id="1341868591"><nd ref="13347547138" /><nd ref="12413171738" /><nd ref="12413171739" /><nd ref="12413171740" /><nd ref="12413205727" /><nd ref="12413171741" /><nd ref="12413171752" /><nd ref="12413171742" /><nd ref="12413171750" /><nd ref="12413171743" /><nd ref="12413171744" /><nd ref="12413171745" /><nd ref="12413171746" /><nd ref="12413171747" /><nd ref="12413171748" /><nd ref="13347547139" /><nd ref="13347547140" /><nd ref="13347547141" /><nd ref="3876924985" /><tag k="highway" v="service" /><tag k="oneway" v="no" /><tag k="access" v="private" /></way><way changeset="1" user="OSMnx" timestamp="2026-09-10T17:28:50Z" version="1" visible="true" uid="1" id="1341868592"><nd ref="12413171750" /><nd ref="12413171751" /><nd ref="12413205725" /><nd ref="12408902566" /><tag k="highway" v="service" /><tag k="oneway" v="no" /><tag k="access" v="private" /></way><way changeset="1" user="OSMnx" timestamp="2026-09-10T17:28:50Z" version="1" visible="true" uid="1" id="1341868594"><nd ref="12413171756" /><nd ref="13347547133" /><nd ref="12413205723" /><nd ref="12413171757" /><nd ref="12413171758" /><nd ref="12413171759" /><nd ref="12413171770" /><nd ref="12413171760" /><nd ref="12413171761" /><nd ref="12413171762" /><nd ref="12413171763" /><nd ref="12413171764" /><nd ref="13347547134" /><nd ref="12413171773" /><nd ref="12413171765" /><nd ref="12413171766" /><nd ref="12413171772" /><nd ref="12413171767" /><nd ref="12413171768" /><nd ref="12413171769" /><nd ref="13347547135" /><nd ref="13347547136" /><nd ref="12413171755" /><nd ref="12413171756" /><tag k="highway" v="service" /><tag k="oneway" v="no" /><tag k="access" v="private" /></way><way changeset="1" user="OSMnx" timestamp="2026-09-10T17:28:50Z" version="1" visible="true" uid="1" id="1341868595"><nd ref="12413171770" /><nd ref="13347547137" /><tag k="highway" v="service" /><tag k="oneway" v="no" /><tag k="access" v="private" /></way><way changeset="1" user="OSMnx" timestamp="2026-09-10T17:28:50Z" version="1" visible="true" uid="1" id="1341868597"><nd ref="12413171773" /><nd ref="12413171774" /><nd ref="12413171775" /><nd ref="12413171776" /><nd ref="12413171777" /><tag k="highway" v="service" /><tag k="oneway" v="no" /><tag k="access" v="private" /></way><way changeset="1" user="OSMnx" timestamp="2026-09-10T17:28:50Z" version="1" visible="true" uid="1" id="1341868598"><nd ref="402299102" /><nd ref="12413171777" /><nd ref="12413171778" /><nd ref="12413171794" /><nd ref="13347547154" /><nd ref="12413171792" /><nd ref="12413171779" /><nd ref="12413205719" /><nd ref="3876925050" /><tag k="highway" v="service" /><tag k="oneway" v="no" /><tag k="access" v="private" /></way><way changeset="1" user="OSMnx" timestamp="2026-09-10T17:28:50Z" version="1" visible="true" uid="1" id="1341868599"><nd ref="12413171779" /><nd ref="12413171781" /><nd ref="12413171780" /><nd ref="13347547113" /><tag k="highway" v="service" /><tag k="oneway" v="no" /><tag k="access" v="private" /></way><way changeset="1" user="OSMnx" timestamp="2026-09-10T17:28:50Z" version="1" visible="true" uid="1" id="1341868600"><nd ref="12413171767" /><nd ref="12413171784" /><nd ref="12413171785" /><nd ref="12413205705" /><nd ref="12413205701" /><nd ref="12413171786" /><nd ref="12413171787" /><tag k="highway" v="service" /><tag k="oneway" v="no" /><tag k="access" v="private" /></way><way changeset="1" user="OSMnx" timestamp="2026-09-10T17:28:50Z" version="1" visible="true" uid="1" id="1341868601"><nd ref="12413171784" /><nd ref="12413171788" /><nd ref="12413171793" /><nd ref="12413171791" /><nd ref="12413171789" /><nd ref="12413171790" /><tag k="highway" v="service" /><tag k="oneway" v="no" /><tag k="access" v="private" /></way><way changeset="1" user="OSMnx" timestamp="2026-09-10T17:28:50Z" version="1" visible="true" uid="1" id="1341868602"><nd ref="12413171789" /><nd ref="12413171796" /><nd ref="12413171795" /><nd ref="12413171779" /><tag k="highway" v="service" /><tag k="oneway" v="no" /><tag k="access" v="private" /></way><way changeset="1" user="OSMnx" timestamp="2026-09-10T17:28:50Z" version="1" visible="true" uid="1" id="1341868603"><nd ref="12413171791" /><nd ref="12413171792" /><tag k="highway" v="service" /><tag k="oneway" v="no" /><tag k="access" v="private" /></way><way changeset="1" user="OSMnx" timestamp="2026-09-10T17:28:50Z" version="1" visible="true" uid="1" id="1341868604"><nd ref="12413171793" /><nd ref="12413171794" /><tag k="highway" v="service" /><tag k="oneway" v="no" /><tag k="access" v="private" /></way><way changeset="1" user="OSMnx" timestamp="2026-09-10T17:28:50Z" version="1" visible="true" uid="1" id="1341868605"><nd ref="12413171788" /><nd ref="12413171778" /><tag k="highway" v="service" /><tag k="oneway" v="no" /><tag k="access" v="private" /></way><way changeset="1" user="OSMnx" timestamp="2026-09-10T17:28:50Z" version="1" visible="true" uid="1" id="1341868606"><nd ref="12413171733" /><nd ref="12413171797" /><nd ref="12413171798" /><nd ref="12413205708" /><nd ref="12413171786" /><tag k="highway" v="service" /><tag k="oneway" v="no" /><tag k="access" v="private" /></way><way changeset="1" user="OSMnx" timestamp="2026-09-10T17:28:50Z" version="1" visible="true" uid="1" id="1341868607"><nd ref="13347547145" /><nd ref="12413171800" /><nd ref="12413205701" /><tag k="highway" v="service" /><tag k="oneway" v="no" /><tag k="access" v="private" /></way><way changeset="1" user="OSMnx" timestamp="2026-09-10T17:28:50Z" version="1" visible="true" uid="1" id="1341868608"><nd ref="13347547146" /><nd ref="12413205703" /><nd ref="12413205704" /><nd ref="12413205705" /><tag k="highway" v="service" /><tag k="oneway" v="no" /><tag k="access" v="private" /></way><way changeset="1" user="OSMnx" timestamp="2026-09-10T17:28:50Z" version="1" visible="true" uid="1" id="1341868609"><nd ref="12413205704" /><nd ref="13347547147" /><tag k="highway" v="service" /><tag k="oneway" v="no" /><tag k="access" v="private" /></way><way changeset="1" user="OSMnx" timestamp="2026-09-10T17:28:50Z" version="1" visible="true" uid="1" id="1341868612"><nd ref="12413171733" /><nd ref="12413205713" /><tag k="highway" v="service" /><tag k="oneway" v="no" /><tag k="access" v="private" /></way><way changeset="1" user="OSMnx" timestamp="2026-09-10T17:28:50Z" version="1" visible="true" uid="1" id="1341868615"><nd ref="12413205719" /><nd ref="13347547115" /><tag k="highway" v="service" /><tag k="oneway" v="no" /><tag k="access" v="private" /></way><way changeset="1" user="OSMnx" timestamp="2026-09-10T17:28:50Z" version="1" visible="true" uid="1" id="1341868616"><nd ref="12413171770" /><nd ref="12413205722" /><tag k="highway" v="service" /><tag k="oneway" v="no" /><tag k="access" v="private" /></way><way changeset="1" user="OSMnx" timestamp="2026-09-10T17:28:50Z" version="1" visible="true" uid="1" id="1341868622"><nd ref="12413171796" /><nd ref="12413205732" /><nd ref="12413205733" /><nd ref="12413205734" /><nd ref="12413205735" /><nd ref="12413205736" /><nd ref="12413205737" /><nd ref="12413205738" /><nd ref="12413205739" /><nd ref="12413205740" /><tag k="highway" v="footway" /><tag k="oneway" v="no" /><tag k="access" v="private" /></way><way changeset="1" user="OSMnx" timestamp="2026-09-10T17:28:50Z" version="1" visible="true" uid="1" id="1343697733"><nd ref="12413171781" /><nd ref="13347547108" /><nd ref="13347547107" /><nd ref="12432915420" /><nd ref="13347547114" /><nd ref="12432915421" /><tag k="highway" v="service" /><tag k="oneway" v="no" /><tag k="access" v="private" /></way><way changeset="1" user="OSMnx" timestamp="2026-09-10T17:28:50Z" version="1" visible="true" uid="1" id="1387937825"><nd ref="12108780399" /><nd ref="12848256507" /><nd ref="14014115362" /><nd ref="12848256505" /><tag k="highway" v="service" /><tag k="oneway" v="yes" /><tag k="access" v="private" /></way><way changeset="1" user="OSMnx" timestamp="2026-09-10T17:28:50Z" version="1" visible="true" uid="1" id="1388493878"><nd ref="12852896813" /><nd ref="12852896814" /><tag k="highway" v="primary_link" /><tag k="oneway" v="no" /></way><way changeset="1" user="OSMnx" timestamp="2026-09-10T17:28:50Z" version="1" visible="true" uid="1" id="1388494095"><nd ref="7775411585" /><nd ref="12852890028" /><tag k="highway" v="service" /><tag k="oneway" v="no" /></way><way changeset="1" user="OSMnx" timestamp="2026-09-10T17:28:50Z" version="1" visible="true" uid="1" id="1388494210"><nd ref="12852872565" /><nd ref="12852872566" /><tag k="highway" v="primary_link" /><tag k="oneway" v="no" /></way><way changeset="1" user="OSMnx" timestamp="2026-09-10T17:28:50Z" version="1" visible="true" uid="1" id="1388494504"><nd ref="9798561541" /><nd ref="9798561530" /><tag k="highway" v="service" /><tag k="oneway" v="no" /></way><way changeset="1" user="OSMnx" timestamp="2026-09-10T17:28:50Z" version="1" visible="true" uid="1" id="1388494505"><nd ref="7775091594" /><nd ref="12852890105" /><tag k="highway" v="service" /><tag k="oneway" v="yes" /></way><way changeset="1" user="OSMnx" timestamp="2026-09-10T17:28:50Z" version="1" visible="true" uid="1" id="1433961778"><nd ref="2211262600" /><nd ref="2211262575" /><nd ref="7775243442" /><nd ref="7775243441" /><nd ref="7775243440" /><nd ref="2211262610" /><tag k="highway" v="residential" /><tag k="oneway" v="no" /><tag k="name" v="MGR Street" /></way><way changeset="1" user="OSMnx" timestamp="2026-09-10T17:28:50Z" version="1" visible="true" uid="1" id="1455413448"><nd ref="13347532294" /><nd ref="13347532295" /><tag k="highway" v="service" /><tag k="oneway" v="no" /><tag k="access" v="private" /></way><way changeset="1" user="OSMnx" timestamp="2026-09-10T17:28:50Z" version="1" visible="true" uid="1" id="1455413449"><nd ref="13347532296" /><nd ref="13347532297" /><tag k="highway" v="service" /><tag k="oneway" v="no" /><tag k="access" v="private" /></way><way changeset="1" user="OSMnx" timestamp="2026-09-10T17:28:50Z" version="1" visible="true" uid="1" id="1455413450"><nd ref="7768923083" /><nd ref="11061153525" /><tag k="highway" v="service" /><tag k="oneway" v="no" /><tag k="access" v="private" /></way><way changeset="1" user="OSMnx" timestamp="2026-09-10T17:28:50Z" version="1" visible="true" uid="1" id="1455413451"><nd ref="11061153527" /><nd ref="13347532298" /><nd ref="13347532299" /><tag k="highway" v="service" /><tag k="oneway" v="no" /><tag k="access" v="private" /></way><way changeset="1" user="OSMnx" timestamp="2026-09-10T17:28:50Z" version="1" visible="true" uid="1" id="1455413452"><nd ref="13347532300" /><nd ref="13347547101" /><nd ref="13347547102" /><nd ref="13347547103" /><nd ref="13347547104" /><nd ref="13347547105" /><tag k="highway" v="service" /><tag k="oneway" v="no" /><tag k="access" v="private" /></way><way changeset="1" user="OSMnx" timestamp="2026-09-10T17:28:50Z" version="1" visible="true" uid="1" id="1455413453"><nd ref="3876925054" /><nd ref="13347547106" /><nd ref="12413171780" /><tag k="highway" v="service" /><tag k="oneway" v="no" /><tag k="access" v="private" /></way><way changeset="1" user="OSMnx" timestamp="2026-09-10T17:28:50Z" version="1" visible="true" uid="1" id="1455413454"><nd ref="12432915421" /><nd ref="13347547109" /><nd ref="13347547110" /><nd ref="13347547111" /><nd ref="13347547112" /><nd ref="13347547113" /><tag k="highway" v="service" /><tag k="oneway" v="no" /><tag k="access" v="private" /></way><way changeset="1" user="OSMnx" timestamp="2026-09-10T17:28:50Z" version="1" visible="true" uid="1" id="1455413455"><nd ref="12413205719" /><nd ref="13347547116" /><nd ref="13347547117" /><nd ref="13347547118" /><nd ref="13347547119" /><nd ref="13347547120" /><nd ref="13347547121" /><nd ref="13347547122" /><nd ref="13347547123" /><nd ref="13347547124" /><tag k="highway" v="service" /><tag k="oneway" v="no" /><tag k="access" v="private" /></way><way changeset="1" user="OSMnx" timestamp="2026-09-10T17:28:50Z" version="1" visible="true" uid="1" id="1455413456"><nd ref="12413171790" /><nd ref="12413171787" /><tag k="highway" v="service" /><tag k="oneway" v="no" /><tag k="access" v="private" /></way><way changeset="1" user="OSMnx" timestamp="2026-09-10T17:28:50Z" version="1" visible="true" uid="1" id="1455413457"><nd ref="12413171787" /><nd ref="13347547125" /><nd ref="13347547126" /><nd ref="13347547128" /><nd ref="13347547132" /><nd ref="13347547129" /><nd ref="13347547130" /><nd ref="13347547127" /><tag k="highway" v="service" /><tag k="oneway" v="yes" /><tag k="access" v="private" /></way><way changeset="1" user="OSMnx" timestamp="2026-09-10T17:28:50Z" version="1" visible="true" uid="1" id="1455413458"><nd ref="13347547127" /><nd ref="13347547131" /><nd ref="12413171790" /><tag k="highway" v="service" /><tag k="oneway" v="yes" /><tag k="access" v="private" /></way><way changeset="1" user="OSMnx" timestamp="2026-09-10T17:28:50Z" version="1" visible="true" uid="1" id="1455413460"><nd ref="12413205713" /><nd ref="13347547148" /><tag k="highway" v="service" /><tag k="oneway" v="no" /><tag k="access" v="private" /></way><way changeset="1" user="OSMnx" timestamp="2026-09-10T17:28:50Z" version="1" visible="true" uid="1" id="1455413461"><nd ref="3876924971" /><nd ref="13347547149" /><tag k="highway" v="service" /><tag k="oneway" v="no" /><tag k="access" v="private" /></way><way changeset="1" user="OSMnx" timestamp="2026-09-10T17:28:50Z" version="1" visible="true" uid="1" id="1455413462"><nd ref="13347547150" /><nd ref="13347547151" /><tag k="highway" v="service" /><tag k="oneway" v="no" /><tag k="access" v="private" /></way><way changeset="1" user="OSMnx" timestamp="2026-09-10T17:28:50Z" version="1" visible="true" uid="1" id="1455413463"><nd ref="13347547115" /><nd ref="13347547152" /><nd ref="13347547153" /><tag k="highway" v="service" /><tag k="oneway" v="no" /><tag k="access" v="private" /></way><way changeset="1" user="OSMnx" timestamp="2026-09-10T17:28:50Z" version="1" visible="true" uid="1" id="1455413464"><nd ref="13347547154" /><nd ref="13347547155" /><tag k="highway" v="service" /><tag k="oneway" v="no" /><tag k="access" v="private" /></way><way changeset="1" user="OSMnx" timestamp="2026-09-10T17:28:50Z" version="1" visible="true" uid="1" id="1455413465"><nd ref="13347547156" /><nd ref="13347547157" /><nd ref="13347547158" /><nd ref="13347547159" /><nd ref="13347547160" /><nd ref="13347547161" /><nd ref="13347547162" /><nd ref="13347547163" /><tag k="highway" v="service" /><tag k="oneway" v="no" /><tag k="access" v="private" /></way><way changeset="1" user="OSMnx" timestamp="2026-09-10T17:28:50Z" version="1" visible="true" uid="1" id="1455413466"><nd ref="13347547101" /><nd ref="13347547165" /><tag k="highway" v="service" /><tag k="oneway" v="no" /><tag k="access" v="private" /></way><way changeset="1" user="OSMnx" timestamp="2026-09-10T17:28:50Z" version="1" visible="true" uid="1" id="1455413467"><nd ref="7803943081" /><nd ref="7803943080" /><nd ref="9803988073" /><tag k="highway" v="service" /><tag k="oneway" v="no" /><tag k="access" v="private" /></way><way changeset="1" user="OSMnx" timestamp="2026-09-10T17:28:50Z" version="1" visible="true" uid="1" id="1455413468"><nd ref="7803956587" /><nd ref="13347547166" /><nd ref="13347547167" /><nd ref="13347547168" /><nd ref="7803943081" /><tag k="highway" v="service" /><tag k="oneway" v="no" /><tag k="access" v="private" /></way><way changeset="1" user="OSMnx" timestamp="2026-09-10T17:28:50Z" version="1" visible="true" uid="1" id="1455413469"><nd ref="13347547171" /><nd ref="13347547172" /><tag k="highway" v="service" /><tag k="oneway" v="no" /><tag k="access" v="private" /></way><way changeset="1" user="OSMnx" timestamp="2026-09-10T17:28:50Z" version="1" visible="true" uid="1" id="1455413470"><nd ref="13347547173" /><nd ref="13347547172" /><tag k="highway" v="service" /><tag k="oneway" v="no" /><tag k="access" v="private" /></way><way changeset="1" user="OSMnx" timestamp="2026-09-10T17:28:50Z" version="1" visible="true" uid="1" id="1455413471"><nd ref="13347547172" /><nd ref="13347547174" /><tag k="highway" v="service" /><tag k="oneway" v="no" /><tag k="access" v="private" /></way><way changeset="1" user="OSMnx" timestamp="2026-09-10T17:28:50Z" version="1" visible="true" uid="1" id="1455413472"><nd ref="13347547174" /><nd ref="9803988073" /><tag k="highway" v="service" /><tag k="oneway" v="no" /><tag k="access" v="private" /></way><way changeset="1" user="OSMnx" timestamp="2026-09-10T17:28:50Z" version="1" visible="true" uid="1" id="1455413473"><nd ref="13347547170" /><nd ref="13347547175" /><tag k="highway" v="service" /><tag k="oneway" v="no" /><tag k="access" v="private" /></way><way changeset="1" user="OSMnx" timestamp="2026-09-10T17:28:50Z" version="1" visible="true" uid="1" id="1455413474"><nd ref="3876924840" /><nd ref="13347547176" /><nd ref="13347547177" /><nd ref="13347547178" /><nd ref="13347547179" /><nd ref="7803943081" /><tag k="highway" v="service" /><tag k="oneway" v="no" /><tag k="access" v="private" /></way><way changeset="1" user="OSMnx" timestamp="2026-09-10T17:28:50Z" version="1" visible="true" uid="1" id="1455418452"><nd ref="13347580773" /><nd ref="13347580774" /><tag k="highway" v="service" /><tag k="oneway" v="no" /><tag k="access" v="private" /></way><way changeset="1" user="OSMnx" timestamp="2026-09-10T17:28:50Z" version="1" visible="true" uid="1" id="1455418456"><nd ref="6776235743" /><nd ref="6542202055" /><nd ref="11655574585" /><nd ref="6542202056" /><nd ref="7779805662" /><nd ref="6542202057" /><nd ref="6542202058" /><nd ref="7779805668" /><nd ref="6542202059" /><nd ref="6542202060" /><nd ref="7779805674" /><nd ref="6542202061" /><nd ref="6542202062" /><nd ref="6542202063" /><tag k="highway" v="tertiary" /><tag k="oneway" v="yes" /><tag k="lanes" v="2" /></way><way changeset="1" user="OSMnx" timestamp="2026-09-10T17:28:50Z" version="1" visible="true" uid="1" id="1455958878"><nd ref="13352865760" /><nd ref="13352865761" /><nd ref="13352865762" /><tag k="highway" v="residential" /><tag k="oneway" v="no" /></way><way changeset="1" user="OSMnx" timestamp="2026-09-10T17:28:50Z" version="1" visible="true" uid="1" id="1455958879"><nd ref="13352865757" /><nd ref="13352865758" /><nd ref="13352865759" /><nd ref="13352865760" /><tag k="highway" v="residential" /><tag k="oneway" v="no" /></way><way changeset="1" user="OSMnx" timestamp="2026-09-10T17:28:50Z" version="1" visible="true" uid="1" id="1455958882"><nd ref="13352865757" /><nd ref="13352865786" /><nd ref="13352865787" /><nd ref="13352865788" /><nd ref="13352865791" /><nd ref="13352865789" /><nd ref="13352865792" /><nd ref="13352865790" /><tag k="highway" v="service" /><tag k="oneway" v="no" /></way><way changeset="1" user="OSMnx" timestamp="2026-09-10T17:28:50Z" version="1" visible="true" uid="1" id="1455958883"><nd ref="13352865792" /><nd ref="13352865793" /><tag k="highway" v="service" /><tag k="oneway" v="no" /></way><way changeset="1" user="OSMnx" timestamp="2026-09-10T17:28:50Z" version="1" visible="true" uid="1" id="1455958884"><nd ref="13352865760" /><nd ref="13352865794" /><nd ref="13352865795" /><nd ref="13352865796" /><nd ref="13352865797" /><nd ref="13352925708" /><nd ref="13352865798" /><nd ref="13352865799" /><nd ref="13352865800" /><nd ref="13352925701" /><nd ref="13352925702" /><nd ref="13352925703" /><nd ref="13352925704" /><nd ref="13352925705" /><nd ref="13352925706" /><nd ref="13352925707" /><tag k="highway" v="residential" /><tag k="oneway" v="no" /></way><way changeset="1" user="OSMnx" timestamp="2026-09-10T17:28:50Z" version="1" visible="true" uid="1" id="1455958885"><nd ref="13352865800" /><nd ref="13352925709" /><tag k="highway" v="residential" /><tag k="oneway" v="no" /></way><way changeset="1" user="OSMnx" timestamp="2026-09-10T17:28:50Z" version="1" visible="true" uid="1" id="1455958886"><nd ref="13352865757" /><nd ref="13352925711" /><nd ref="13352925712" /><nd ref="13352925713" /><tag k="highway" v="residential" /><tag k="oneway" v="yes" /></way><way changeset="1" user="OSMnx" timestamp="2026-09-10T17:28:50Z" version="1" visible="true" uid="1" id="1455958887"><nd ref="13352865756" /><nd ref="13352865793" /><nd ref="13352925710" /><nd ref="13352865757" /><tag k="highway" v="residential" /><tag k="oneway" v="yes" /></way><way changeset="1" user="OSMnx" timestamp="2026-09-10T17:28:50Z" version="1" visible="true" uid="1" id="1459516744"><nd ref="13386090779" /><nd ref="13386090780" /><tag k="highway" v="service" /><tag k="oneway" v="no" /><tag k="access" v="private" /></way><way changeset="1" user="OSMnx" timestamp="2026-09-10T17:28:50Z" version="1" visible="true" uid="1" id="1459516745"><nd ref="13386090781" /><nd ref="13100239976" /><tag k="highway" v="service" /><tag k="oneway" v="no" /><tag k="access" v="private" /></way><way changeset="1" user="OSMnx" timestamp="2026-09-10T17:28:50Z" version="1" visible="true" uid="1" id="1459516746"><nd ref="9798561516" /><nd ref="9798561523" /><tag k="highway" v="service" /><tag k="oneway" v="no" /><tag k="access" v="private" /></way><way changeset="1" user="OSMnx" timestamp="2026-09-10T17:28:50Z" version="1" visible="true" uid="1" id="1459516747"><nd ref="9798561536" /><nd ref="13386090782" /><tag k="highway" v="service" /><tag k="oneway" v="no" /><tag k="access" v="private" /></way><way changeset="1" user="OSMnx" timestamp="2026-09-10T17:28:50Z" version="1" visible="true" uid="1" id="1462762207"><nd ref="13417503058" /><nd ref="13417503059" /><nd ref="13417503060" /><nd ref="13417503061" /><nd ref="13417503062" /><nd ref="13417503063" /><nd ref="13417503064" /><nd ref="13417503065" /><tag k="highway" v="service" /><tag k="oneway" v="yes" /></way><way changeset="1" user="OSMnx" timestamp="2026-09-10T17:28:50Z" version="1" visible="true" uid="1" id="1527502316"><nd ref="13919884003" /><nd ref="13919884007" /><nd ref="13919884004" /><nd ref="13919884005" /><nd ref="13919884008" /><nd ref="13919884006" /><tag k="highway" v="residential" /><tag k="oneway" v="yes" /></way><way changeset="1" user="OSMnx" timestamp="2026-09-10T17:28:50Z" version="1" visible="true" uid="1" id="1527502317"><nd ref="1945613092" /><nd ref="402299082" /><tag k="highway" v="service" /><tag k="oneway" v="yes" /></way><way changeset="1" user="OSMnx" timestamp="2026-09-10T17:28:50Z" version="1" visible="true" uid="1" id="1527502318"><nd ref="12852890105" /><nd ref="13919884009" /><tag k="highway" v="service" /><tag k="oneway" v="yes" /></way><way changeset="1" user="OSMnx" timestamp="2026-09-10T17:28:50Z" version="1" visible="true" uid="1" id="1538995365"><nd ref="12108780399" /><nd ref="14014115363" /><tag k="highway" v="service" /><tag k="oneway" v="no" /><tag k="access" v="private" /></way><way changeset="1" user="OSMnx" timestamp="2026-09-10T17:28:50Z" version="1" visible="true" uid="1" id="1538995366"><nd ref="14014115364" /><nd ref="14014115365" /><tag k="highway" v="service" /><tag k="oneway" v="no" /><tag k="access" v="private" /></way><way changeset="1" user="OSMnx" timestamp="2026-09-10T17:28:50Z" version="1" visible="true" uid="1" id="1544565332"><nd ref="14049135039" /><nd ref="14049135038" /><nd ref="14049135040" /><tag k="highway" v="service" /><tag k="oneway" v="no" /><tag k="service" v="parking_aisle" /></way></osm>